Ukazatel,Roky,Věk (jednoleté skupiny),"ČR, Reg. soudržnosti, Kraje",value
Míry plodnosti,2024,15,Česko,0.89526972
Míry plodnosti,2024,15,Praha,0.139295166
Míry plodnosti,2024,15,Střední Čechy,0.331235508
Míry plodnosti,2024,15,Jihozápad,0.423131171
Míry plodnosti,2024,15,Severozápad,2.907866544
Míry plodnosti,2024,15,Severovýchod,1.235955056
Míry plodnosti,2024,15,Jihovýchod,0.630981176
Míry plodnosti,2024,15,Střední Morava,0.898338075
Míry plodnosti,2024,15,Moravskoslezsko,0.92506938
Míry plodnosti,2024,15,Hlavní město Praha,0.139295166
Míry plodnosti,2024,15,Středočeský kraj,0.331235508
Míry plodnosti,2024,15,Jihočeský kraj,0.272405339
Míry plodnosti,2024,15,Plzeňský kraj,0.584966364
Míry plodnosti,2024,15,Karlovarský kraj,0.587544066
Míry plodnosti,2024,15,Ústecký kraj,3.725165563
Míry plodnosti,2024,15,Liberecký kraj,1.837559721
Míry plodnosti,2024,15,Královéhradecký kraj,0.624804749
Míry plodnosti,2024,15,Pardubický kraj,1.343183345
Míry plodnosti,2024,15,Kraj Vysočina,1.803101334
Míry plodnosti,2024,15,Jihomoravský kraj,0.148456057
Míry plodnosti,2024,15,Olomoucký kraj,1.11919418
Míry plodnosti,2024,15,Zlínský kraj,0.644122383
Míry plodnosti,2024,15,Moravskoslezský kraj,0.92506938
Míry plodnosti,2024,16,Česko,2.238241006
Míry plodnosti,2024,16,Praha,1.447596989
Míry plodnosti,2024,16,Střední Čechy,1.245048104
Míry plodnosti,2024,16,Jihozápad,1.839796207
Míry plodnosti,2024,16,Severozápad,4.385964912
Míry plodnosti,2024,16,Severovýchod,2.500284123
Míry plodnosti,2024,16,Jihovýchod,1.174084748
Míry plodnosti,2024,16,Střední Morava,1.818181818
Míry plodnosti,2024,16,Moravskoslezsko,4.259850905
Míry plodnosti,2024,16,Hlavní město Praha,1.447596989
Míry plodnosti,2024,16,Středočeský kraj,1.245048104
Míry plodnosti,2024,16,Jihočeský kraj,1.907356948
Míry plodnosti,2024,16,Plzeňský kraj,1.766784452
Míry plodnosti,2024,16,Karlovarský kraj,2.865329513
Míry plodnosti,2024,16,Ústecký kraj,4.931169098
Míry plodnosti,2024,16,Liberecký kraj,3.384731102
Míry plodnosti,2024,16,Královéhradecký kraj,3.136762861
Míry plodnosti,2024,16,Pardubický kraj,1.016260163
Míry plodnosti,2024,16,Kraj Vysočina,1.413927183
Míry plodnosti,2024,16,Jihomoravský kraj,1.070336391
Míry plodnosti,2024,16,Olomoucký kraj,3.124112468
Míry plodnosti,2024,16,Zlínský kraj,0.324780773
Míry plodnosti,2024,16,Moravskoslezský kraj,4.259850905
Míry plodnosti,2024,17,Česko,4.628190516
Míry plodnosti,2024,17,Praha,2.060035315
Míry plodnosti,2024,17,Střední Čechy,2.535007243
Míry plodnosti,2024,17,Jihozápad,4.592592593
Míry plodnosti,2024,17,Severozápad,11.72690763
Míry plodnosti,2024,17,Severovýchod,3.945952409
Míry plodnosti,2024,17,Jihovýchod,3.947220029
Míry plodnosti,2024,17,Střední Morava,4.138809296
Míry plodnosti,2024,17,Moravskoslezsko,5.521375611
Míry plodnosti,2024,17,Hlavní město Praha,2.060035315
Míry plodnosti,2024,17,Středočeský kraj,2.535007243
Míry plodnosti,2024,17,Jihočeský kraj,6.022368798
Míry plodnosti,2024,17,Plzeňský kraj,3.064664419
Míry plodnosti,2024,17,Karlovarský kraj,11.69230769
Míry plodnosti,2024,17,Ústecký kraj,11.73913043
Míry plodnosti,2024,17,Liberecký kraj,4.04040404
Míry plodnosti,2024,17,Královéhradecký kraj,4.274909569
Míry plodnosti,2024,17,Pardubický kraj,3.512469266
Míry plodnosti,2024,17,Kraj Vysočina,4.078605858
Míry plodnosti,2024,17,Jihomoravský kraj,3.889789303
Míry plodnosti,2024,17,Olomoucký kraj,6.563245823
Míry plodnosti,2024,17,Zlínský kraj,1.365187713
Míry plodnosti,2024,17,Moravskoslezský kraj,5.521375611
Míry plodnosti,2024,18,Česko,8.252601363
Míry plodnosti,2024,18,Praha,2.860411899
Míry plodnosti,2024,18,Střední Čechy,5.373592631
Míry plodnosti,2024,18,Jihozápad,9.041309431
Míry plodnosti,2024,18,Severozápad,17.58879781
Míry plodnosti,2024,18,Severovýchod,8.875364524
Míry plodnosti,2024,18,Jihovýchod,5.767677933
Míry plodnosti,2024,18,Střední Morava,6.599571028
Míry plodnosti,2024,18,Moravskoslezsko,12.73990735
Míry plodnosti,2024,18,Hlavní město Praha,2.860411899
Míry plodnosti,2024,18,Středočeský kraj,5.373592631
Míry plodnosti,2024,18,Jihočeský kraj,8.547008547
Míry plodnosti,2024,18,Plzeňský kraj,9.557183817
Míry plodnosti,2024,18,Karlovarský kraj,17.32178548
Míry plodnosti,2024,18,Ústecký kraj,17.68082664
Míry plodnosti,2024,18,Liberecký kraj,10.26957638
Míry plodnosti,2024,18,Královéhradecký kraj,6.641034603
Míry plodnosti,2024,18,Pardubický kraj,10.0409074
Míry plodnosti,2024,18,Kraj Vysočina,6.891271057
Míry plodnosti,2024,18,Jihomoravský kraj,5.28314347
Míry plodnosti,2024,18,Olomoucký kraj,9.13673598
Míry plodnosti,2024,18,Zlínský kraj,3.810183582
Míry plodnosti,2024,18,Moravskoslezský kraj,12.73990735
Míry plodnosti,2024,19,Česko,13.45340528
Míry plodnosti,2024,19,Praha,7.144820005
Míry plodnosti,2024,19,Střední Čechy,10.4
Míry plodnosti,2024,19,Jihozápad,16.35959339
Míry plodnosti,2024,19,Severozápad,28.88149834
Míry plodnosti,2024,19,Severovýchod,12.51466562
Míry plodnosti,2024,19,Jihovýchod,9.973327148
Míry plodnosti,2024,19,Střední Morava,8.816547982
Míry plodnosti,2024,19,Moravskoslezsko,18.03641314
Míry plodnosti,2024,19,Hlavní město Praha,7.144820005
Míry plodnosti,2024,19,Středočeský kraj,10.4
Míry plodnosti,2024,19,Jihočeský kraj,15.56178027
Míry plodnosti,2024,19,Plzeňský kraj,17.19104768
Míry plodnosti,2024,19,Karlovarský kraj,18.93408135
Míry plodnosti,2024,19,Ústecký kraj,32.1903429
Míry plodnosti,2024,19,Liberecký kraj,13.12335958
Míry plodnosti,2024,19,Královéhradecký kraj,11.26453488
Míry plodnosti,2024,19,Pardubický kraj,13.29282188
Míry plodnosti,2024,19,Kraj Vysočina,9.769441188
Míry plodnosti,2024,19,Jihomoravský kraj,10.05936675
Míry plodnosti,2024,19,Olomoucký kraj,9.385113269
Míry plodnosti,2024,19,Zlínský kraj,8.190883191
Míry plodnosti,2024,19,Moravskoslezský kraj,18.03641314
Míry plodnosti,2024,20,Česko,19.26562646
Míry plodnosti,2024,20,Praha,11.51449472
Míry plodnosti,2024,20,Střední Čechy,15.14936996
Míry plodnosti,2024,20,Jihozápad,20.42470417
Míry plodnosti,2024,20,Severozápad,37.24261415
Míry plodnosti,2024,20,Severovýchod,18.09713906
Míry plodnosti,2024,20,Jihovýchod,14.52058082
Míry plodnosti,2024,20,Střední Morava,17.18393828
Míry plodnosti,2024,20,Moravskoslezsko,26.01908066
Míry plodnosti,2024,20,Hlavní město Praha,11.51449472
Míry plodnosti,2024,20,Středočeský kraj,15.14936996
Míry plodnosti,2024,20,Jihočeský kraj,18.77187401
Míry plodnosti,2024,20,Plzeňský kraj,22.14144085
Míry plodnosti,2024,20,Karlovarský kraj,28.75629044
Míry plodnosti,2024,20,Ústecký kraj,40.05722461
Míry plodnosti,2024,20,Liberecký kraj,19.17930419
Míry plodnosti,2024,20,Královéhradecký kraj,15.90825009
Míry plodnosti,2024,20,Pardubický kraj,19.45525292
Míry plodnosti,2024,20,Kraj Vysočina,15.10333863
Míry plodnosti,2024,20,Jihomoravský kraj,14.26852329
Míry plodnosti,2024,20,Olomoucký kraj,22.14876033
Míry plodnosti,2024,20,Zlínský kraj,11.57580284
Míry plodnosti,2024,20,Moravskoslezský kraj,26.01908066
Míry plodnosti,2024,21,Česko,28.11206683
Míry plodnosti,2024,21,Praha,16.77852349
Míry plodnosti,2024,21,Střední Čechy,24.95596007
Míry plodnosti,2024,21,Jihozápad,33.25102881
Míry plodnosti,2024,21,Severozápad,49.74582426
Míry plodnosti,2024,21,Severovýchod,29.62556577
Míry plodnosti,2024,21,Jihovýchod,21.32816287
Míry plodnosti,2024,21,Střední Morava,25.0533049
Míry plodnosti,2024,21,Moravskoslezsko,30.62117235
Míry plodnosti,2024,21,Hlavní město Praha,16.77852349
Míry plodnosti,2024,21,Středočeský kraj,24.95596007
Míry plodnosti,2024,21,Jihočeský kraj,32.78156443
Míry plodnosti,2024,21,Plzeňský kraj,33.73413494
Míry plodnosti,2024,21,Karlovarský kraj,47.05882353
Míry plodnosti,2024,21,Ústecký kraj,50.70145213
Míry plodnosti,2024,21,Liberecký kraj,34.14859252
Míry plodnosti,2024,21,Královéhradecký kraj,29.48960302
Míry plodnosti,2024,21,Pardubický kraj,25.81686164
Míry plodnosti,2024,21,Kraj Vysočina,25.73238321
Míry plodnosti,2024,21,Jihomoravský kraj,19.38526022
Míry plodnosti,2024,21,Olomoucký kraj,29.35222672
Míry plodnosti,2024,21,Zlínský kraj,20.27027027
Míry plodnosti,2024,21,Moravskoslezský kraj,30.62117235
Míry plodnosti,2024,22,Česko,33.86202199
Míry plodnosti,2024,22,Praha,22.25433526
Míry plodnosti,2024,22,Střední Čechy,34.23314734
Míry plodnosti,2024,22,Jihozápad,32.27942394
Míry plodnosti,2024,22,Severozápad,53.34805004
Míry plodnosti,2024,22,Severovýchod,31.84979138
Míry plodnosti,2024,22,Jihovýchod,34.91984591
Míry plodnosti,2024,22,Střední Morava,27.31847592
Míry plodnosti,2024,22,Moravskoslezsko,38.15694744
Míry plodnosti,2024,22,Hlavní město Praha,22.25433526
Míry plodnosti,2024,22,Středočeský kraj,34.23314734
Míry plodnosti,2024,22,Jihočeský kraj,29.34388394
Míry plodnosti,2024,22,Plzeňský kraj,35.2393617
Míry plodnosti,2024,22,Karlovarský kraj,50.71967101
Míry plodnosti,2024,22,Ústecký kraj,54.3122957
Míry plodnosti,2024,22,Liberecký kraj,38.73075128
Míry plodnosti,2024,22,Královéhradecký kraj,31.80760279
Míry plodnosti,2024,22,Pardubický kraj,25.92142568
Míry plodnosti,2024,22,Kraj Vysočina,36.66666667
Míry plodnosti,2024,22,Jihomoravský kraj,34.17743935
Míry plodnosti,2024,22,Olomoucký kraj,30.19784797
Míry plodnosti,2024,22,Zlínský kraj,24.226612
Míry plodnosti,2024,22,Moravskoslezský kraj,38.15694744
Míry plodnosti,2024,23,Česko,39.91783365
Míry plodnosti,2024,23,Praha,27.1166883
Míry plodnosti,2024,23,Střední Čechy,38.3775351
Míry plodnosti,2024,23,Jihozápad,41.46544546
Míry plodnosti,2024,23,Severozápad,56.3902801
Míry plodnosti,2024,23,Severovýchod,40.93075414
Míry plodnosti,2024,23,Jihovýchod,36.74406736
Míry plodnosti,2024,23,Střední Morava,40.82376526
Míry plodnosti,2024,23,Moravskoslezsko,42.34947523
Míry plodnosti,2024,23,Hlavní město Praha,27.1166883
Míry plodnosti,2024,23,Středočeský kraj,38.3775351
Míry plodnosti,2024,23,Jihočeský kraj,43.10056799
Míry plodnosti,2024,23,Plzeňský kraj,39.84063745
Míry plodnosti,2024,23,Karlovarský kraj,50.17421603
Míry plodnosti,2024,23,Ústecký kraj,58.64509606
Míry plodnosti,2024,23,Liberecký kraj,42.53308129
Míry plodnosti,2024,23,Královéhradecký kraj,34.80641377
Míry plodnosti,2024,23,Pardubický kraj,45.91629419
Míry plodnosti,2024,23,Kraj Vysočina,42.49053429
Míry plodnosti,2024,23,Jihomoravský kraj,34.24281267
Míry plodnosti,2024,23,Olomoucký kraj,45.29494382
Míry plodnosti,2024,23,Zlínský kraj,35.99848427
Míry plodnosti,2024,23,Moravskoslezský kraj,42.34947523
Míry plodnosti,2024,24,Česko,52.41010709
Míry plodnosti,2024,24,Praha,35.00936464
Míry plodnosti,2024,24,Střední Čechy,52.96847496
Míry plodnosti,2024,24,Jihozápad,54.58887752
Míry plodnosti,2024,24,Severozápad,67.51859622
Míry plodnosti,2024,24,Severovýchod,54.20847269
Míry plodnosti,2024,24,Jihovýchod,50.78876491
Míry plodnosti,2024,24,Střední Morava,54.14831131
Míry plodnosti,2024,24,Moravskoslezsko,55.27915976
Míry plodnosti,2024,24,Hlavní město Praha,35.00936464
Míry plodnosti,2024,24,Středočeský kraj,52.96847496
Míry plodnosti,2024,24,Jihočeský kraj,56.87203791
Míry plodnosti,2024,24,Plzeňský kraj,52.2696011
Míry plodnosti,2024,24,Karlovarský kraj,54.48028674
Míry plodnosti,2024,24,Ústecký kraj,72.24532225
Míry plodnosti,2024,24,Liberecký kraj,56.63048608
Míry plodnosti,2024,24,Královéhradecký kraj,52.57009346
Míry plodnosti,2024,24,Pardubický kraj,53.83688228
Míry plodnosti,2024,24,Kraj Vysočina,61.08786611
Míry plodnosti,2024,24,Jihomoravský kraj,46.23636027
Míry plodnosti,2024,24,Olomoucký kraj,58.59512884
Míry plodnosti,2024,24,Zlínský kraj,49.33078394
Míry plodnosti,2024,24,Moravskoslezský kraj,55.27915976
Míry plodnosti,2024,25,Česko,66.88430608
Míry plodnosti,2024,25,Praha,44.18938307
Míry plodnosti,2024,25,Střední Čechy,64.86573924
Míry plodnosti,2024,25,Jihozápad,78.19782496
Míry plodnosti,2024,25,Severozápad,76.02674308
Míry plodnosti,2024,25,Severovýchod,69.5276578
Míry plodnosti,2024,25,Jihovýchod,67.90827315
Míry plodnosti,2024,25,Střední Morava,69.24198251
Míry plodnosti,2024,25,Moravskoslezsko,70.02546381
Míry plodnosti,2024,25,Hlavní město Praha,44.18938307
Míry plodnosti,2024,25,Středočeský kraj,64.86573924
Míry plodnosti,2024,25,Jihočeský kraj,78.37837838
Míry plodnosti,2024,25,Plzeňský kraj,78.00917755
Míry plodnosti,2024,25,Karlovarský kraj,69.56521739
Míry plodnosti,2024,25,Ústecký kraj,78.33981842
Míry plodnosti,2024,25,Liberecký kraj,65.53512494
Míry plodnosti,2024,25,Královéhradecký kraj,70.01582278
Míry plodnosti,2024,25,Pardubický kraj,72.38924051
Míry plodnosti,2024,25,Kraj Vysočina,74.07407407
Míry plodnosti,2024,25,Jihomoravský kraj,65.16565989
Míry plodnosti,2024,25,Olomoucký kraj,73.17927171
Míry plodnosti,2024,25,Zlínský kraj,64.96960486
Míry plodnosti,2024,25,Moravskoslezský kraj,70.02546381
Míry plodnosti,2024,26,Česko,79.56260166
Míry plodnosti,2024,26,Praha,54.89453759
Míry plodnosti,2024,26,Střední Čechy,80.19691917
Míry plodnosti,2024,26,Jihozápad,82.44953815
Míry plodnosti,2024,26,Severozápad,84.25256752
Míry plodnosti,2024,26,Severovýchod,90.20044543
Míry plodnosti,2024,26,Jihovýchod,80.26137344
Míry plodnosti,2024,26,Střední Morava,88.22443706
Míry plodnosti,2024,26,Moravskoslezsko,80.9929335
Míry plodnosti,2024,26,Hlavní město Praha,54.89453759
Míry plodnosti,2024,26,Středočeský kraj,80.19691917
Míry plodnosti,2024,26,Jihočeský kraj,85.79088472
Míry plodnosti,2024,26,Plzeňský kraj,78.96575821
Míry plodnosti,2024,26,Karlovarský kraj,77.96852647
Míry plodnosti,2024,26,Ústecký kraj,86.52849741
Míry plodnosti,2024,26,Liberecký kraj,84.07703147
Míry plodnosti,2024,26,Královéhradecký kraj,85.39505188
Míry plodnosti,2024,26,Pardubický kraj,100.0392311
Míry plodnosti,2024,26,Kraj Vysočina,90.1010101
Míry plodnosti,2024,26,Jihomoravský kraj,75.94038325
Míry plodnosti,2024,26,Olomoucký kraj,87.90436006
Míry plodnosti,2024,26,Zlínský kraj,88.57808858
Míry plodnosti,2024,26,Moravskoslezský kraj,80.9929335
Míry plodnosti,2024,27,Česko,89.61568323
Míry plodnosti,2024,27,Praha,63.96833504
Míry plodnosti,2024,27,Střední Čechy,91.12444725
Míry plodnosti,2024,27,Jihozápad,93.69186538
Míry plodnosti,2024,27,Severozápad,87.66485648
Míry plodnosti,2024,27,Severovýchod,100.2239642
Míry plodnosti,2024,27,Jihovýchod,93.25033565
Míry plodnosti,2024,27,Střední Morava,98.33668434
Míry plodnosti,2024,27,Moravskoslezsko,93.99525461
Míry plodnosti,2024,27,Hlavní město Praha,63.96833504
Míry plodnosti,2024,27,Středočeský kraj,91.12444725
Míry plodnosti,2024,27,Jihočeský kraj,102.5899765
Míry plodnosti,2024,27,Plzeňský kraj,84.69387755
Míry plodnosti,2024,27,Karlovarský kraj,71.37654771
Míry plodnosti,2024,27,Ústecký kraj,93.57652657
Míry plodnosti,2024,27,Liberecký kraj,91.78279673
Míry plodnosti,2024,27,Královéhradecký kraj,100.3159558
Míry plodnosti,2024,27,Pardubický kraj,107.0723034
Míry plodnosti,2024,27,Kraj Vysočina,106.1158364
Míry plodnosti,2024,27,Jihomoravský kraj,87.70090846
Míry plodnosti,2024,27,Olomoucký kraj,95.55246699
Míry plodnosti,2024,27,Zlínský kraj,101.4269186
Míry plodnosti,2024,27,Moravskoslezský kraj,93.99525461
Míry plodnosti,2024,28,Česko,97.44508344
Míry plodnosti,2024,28,Praha,72.01169733
Míry plodnosti,2024,28,Střední Čechy,98.09840024
Míry plodnosti,2024,28,Jihozápad,100.2146277
Míry plodnosti,2024,28,Severozápad,93.88523048
Míry plodnosti,2024,28,Severovýchod,102.032294
Míry plodnosti,2024,28,Jihovýchod,106.3804694
Míry plodnosti,2024,28,Střední Morava,110.4
Míry plodnosti,2024,28,Moravskoslezsko,101.948755
Míry plodnosti,2024,28,Hlavní město Praha,72.01169733
Míry plodnosti,2024,28,Středočeský kraj,98.09840024
Míry plodnosti,2024,28,Jihočeský kraj,109.7560976
Míry plodnosti,2024,28,Plzeňský kraj,90.63843864
Míry plodnosti,2024,28,Karlovarský kraj,75.19325369
Míry plodnosti,2024,28,Ústecký kraj,100.7194245
Míry plodnosti,2024,28,Liberecký kraj,98.60509861
Míry plodnosti,2024,28,Královéhradecký kraj,108.8568084
Míry plodnosti,2024,28,Pardubický kraj,97.95436664
Míry plodnosti,2024,28,Kraj Vysočina,119.6478591
Míry plodnosti,2024,28,Jihomoravský kraj,100.8361204
Míry plodnosti,2024,28,Olomoucký kraj,107.6870979
Míry plodnosti,2024,28,Zlínský kraj,113.3982036
Míry plodnosti,2024,28,Moravskoslezský kraj,101.948755
Míry plodnosti,2024,29,Česko,101.6705775
Míry plodnosti,2024,29,Praha,83.21902149
Míry plodnosti,2024,29,Střední Čechy,107.4792244
Míry plodnosti,2024,29,Jihozápad,108.7521002
Míry plodnosti,2024,29,Severozápad,91.02005231
Míry plodnosti,2024,29,Severovýchod,106.741573
Míry plodnosti,2024,29,Jihovýchod,111.9321887
Míry plodnosti,2024,29,Střední Morava,109.457672
Míry plodnosti,2024,29,Moravskoslezsko,93.91801075
Míry plodnosti,2024,29,Hlavní město Praha,83.21902149
Míry plodnosti,2024,29,Středočeský kraj,107.4792244
Míry plodnosti,2024,29,Jihočeský kraj,108.3610021
Míry plodnosti,2024,29,Plzeňský kraj,109.152752
Míry plodnosti,2024,29,Karlovarský kraj,77.47395833
Míry plodnosti,2024,29,Ústecký kraj,95.9752322
Míry plodnosti,2024,29,Liberecký kraj,98.08292465
Míry plodnosti,2024,29,Královéhradecký kraj,108.0882353
Míry plodnosti,2024,29,Pardubický kraj,112.5975474
Míry plodnosti,2024,29,Kraj Vysočina,123.3864844
Míry plodnosti,2024,29,Jihomoravský kraj,107.3386114
Míry plodnosti,2024,29,Olomoucký kraj,104.2253521
Míry plodnosti,2024,29,Zlínský kraj,115.31721
Míry plodnosti,2024,29,Moravskoslezský kraj,93.91801075
Míry plodnosti,2024,30,Česko,105.2097375
Míry plodnosti,2024,30,Praha,89.62313945
Míry plodnosti,2024,30,Střední Čechy,110.8195902
Míry plodnosti,2024,30,Jihozápad,110.7717934
Míry plodnosti,2024,30,Severozápad,81.93041526
Míry plodnosti,2024,30,Severovýchod,110.046729
Míry plodnosti,2024,30,Jihovýchod,113.2385649
Míry plodnosti,2024,30,Střední Morava,117.9131484
Míry plodnosti,2024,30,Moravskoslezsko,105.0878256
Míry plodnosti,2024,30,Hlavní město Praha,89.62313945
Míry plodnosti,2024,30,Středočeský kraj,110.8195902
Míry plodnosti,2024,30,Jihočeský kraj,114.6826478
Míry plodnosti,2024,30,Plzeňský kraj,106.70818
Míry plodnosti,2024,30,Karlovarský kraj,75.94167679
Míry plodnosti,2024,30,Ústecký kraj,84.07754302
Míry plodnosti,2024,30,Liberecký kraj,95.79628133
Míry plodnosti,2024,30,Královéhradecký kraj,115.6484809
Míry plodnosti,2024,30,Pardubický kraj,116.0330579
Míry plodnosti,2024,30,Kraj Vysočina,119.7564276
Míry plodnosti,2024,30,Jihomoravský kraj,110.6296547
Míry plodnosti,2024,30,Olomoucký kraj,121.875
Míry plodnosti,2024,30,Zlínský kraj,113.4318766
Míry plodnosti,2024,30,Moravskoslezský kraj,105.0878256
Míry plodnosti,2024,31,Česko,99.76207686
Míry plodnosti,2024,31,Praha,98.61853383
Míry plodnosti,2024,31,Střední Čechy,98.04832714
Míry plodnosti,2024,31,Jihozápad,94.31696905
Míry plodnosti,2024,31,Severozápad,84.84375
Míry plodnosti,2024,31,Severovýchod,99.16170307
Míry plodnosti,2024,31,Jihovýchod,114.5459564
Míry plodnosti,2024,31,Střední Morava,106.6628943
Míry plodnosti,2024,31,Moravskoslezsko,93.79922669
Míry plodnosti,2024,31,Hlavní město Praha,98.61853383
Míry plodnosti,2024,31,Středočeský kraj,98.04832714
Míry plodnosti,2024,31,Jihočeský kraj,94.13298566
Míry plodnosti,2024,31,Plzeňský kraj,94.5096968
Míry plodnosti,2024,31,Karlovarský kraj,73.08377897
Míry plodnosti,2024,31,Ústecký kraj,89.03964384
Míry plodnosti,2024,31,Liberecký kraj,87.81431335
Míry plodnosti,2024,31,Královéhradecký kraj,102.1224239
Míry plodnosti,2024,31,Pardubický kraj,105.2631579
Míry plodnosti,2024,31,Kraj Vysočina,115.0961852
Míry plodnosti,2024,31,Jihomoravský kraj,114.3296591
Míry plodnosti,2024,31,Olomoucký kraj,111.0516457
Míry plodnosti,2024,31,Zlínský kraj,101.7406963
Míry plodnosti,2024,31,Moravskoslezský kraj,93.79922669
Míry plodnosti,2024,32,Česko,91.48911262
Míry plodnosti,2024,32,Praha,97.66495495
Míry plodnosti,2024,32,Střední Čechy,93.95452024
Míry plodnosti,2024,32,Jihozápad,88.61736334
Míry plodnosti,2024,32,Severozápad,70.80880074
Míry plodnosti,2024,32,Severovýchod,92.25051918
Míry plodnosti,2024,32,Jihovýchod,98.38274933
Míry plodnosti,2024,32,Střední Morava,97.65142151
Míry plodnosti,2024,32,Moravskoslezsko,83.34488975
Míry plodnosti,2024,32,Hlavní město Praha,97.66495495
Míry plodnosti,2024,32,Středočeský kraj,93.95452024
Míry plodnosti,2024,32,Jihočeský kraj,95.82806574
Míry plodnosti,2024,32,Plzeňský kraj,81.15183246
Míry plodnosti,2024,32,Karlovarský kraj,55.98114319
Míry plodnosti,2024,32,Ústecký kraj,76.09838133
Míry plodnosti,2024,32,Liberecký kraj,87.49069248
Míry plodnosti,2024,32,Královéhradecký kraj,90.51590979
Míry plodnosti,2024,32,Pardubický kraj,97.95412275
Míry plodnosti,2024,32,Kraj Vysočina,103.5474593
Míry plodnosti,2024,32,Jihomoravský kraj,96.36295463
Míry plodnosti,2024,32,Olomoucký kraj,88.87720221
Míry plodnosti,2024,32,Zlínský kraj,107.2455434
Míry plodnosti,2024,32,Moravskoslezský kraj,83.34488975
Míry plodnosti,2024,33,Česko,85.78894301
Míry plodnosti,2024,33,Praha,95.97233903
Míry plodnosti,2024,33,Střední Čechy,84.50106157
Míry plodnosti,2024,33,Jihozápad,83.03113668
Míry plodnosti,2024,33,Severozápad,62.26612783
Míry plodnosti,2024,33,Severovýchod,82.64815804
Míry plodnosti,2024,33,Jihovýchod,95.14614237
Míry plodnosti,2024,33,Střední Morava,92.57748777
Míry plodnosti,2024,33,Moravskoslezsko,79.82409382
Míry plodnosti,2024,33,Hlavní město Praha,95.97233903
Míry plodnosti,2024,33,Středočeský kraj,84.50106157
Míry plodnosti,2024,33,Jihočeský kraj,83.02261994
Míry plodnosti,2024,33,Plzeňský kraj,83.03975843
Míry plodnosti,2024,33,Karlovarský kraj,51.92629816
Míry plodnosti,2024,33,Ústecký kraj,66.05316973
Míry plodnosti,2024,33,Liberecký kraj,74.80314961
Míry plodnosti,2024,33,Královéhradecký kraj,80.25439128
Míry plodnosti,2024,33,Pardubický kraj,91.77118385
Míry plodnosti,2024,33,Kraj Vysočina,89.00687071
Míry plodnosti,2024,33,Jihomoravský kraj,97.54608717
Míry plodnosti,2024,33,Olomoucký kraj,89.61408961
Míry plodnosti,2024,33,Zlínský kraj,95.85121602
Míry plodnosti,2024,33,Moravskoslezský kraj,79.82409382
Míry plodnosti,2024,34,Česko,73.62748304
Míry plodnosti,2024,34,Praha,85.15792416
Míry plodnosti,2024,34,Střední Čechy,73.62798492
Míry plodnosti,2024,34,Jihozápad,66.63326653
Míry plodnosti,2024,34,Severozápad,56.26674606
Míry plodnosti,2024,34,Severovýchod,75.40318274
Míry plodnosti,2024,34,Jihovýchod,78.77075238
Míry plodnosti,2024,34,Střední Morava,78.34482759
Míry plodnosti,2024,34,Moravskoslezsko,65.47860132
Míry plodnosti,2024,34,Hlavní město Praha,85.15792416
Míry plodnosti,2024,34,Středočeský kraj,73.62798492
Míry plodnosti,2024,34,Jihočeský kraj,68.37394331
Míry plodnosti,2024,34,Plzeňský kraj,64.86622918
Míry plodnosti,2024,34,Karlovarský kraj,43.47826087
Míry plodnosti,2024,34,Ústecký kraj,61.09061091
Míry plodnosti,2024,34,Liberecký kraj,69.28571429
Míry plodnosti,2024,34,Královéhradecký kraj,80.78668684
Míry plodnosti,2024,34,Pardubický kraj,75.1995089
Míry plodnosti,2024,34,Kraj Vysočina,77.91787908
Míry plodnosti,2024,34,Jihomoravský kraj,79.09124043
Míry plodnosti,2024,34,Olomoucký kraj,70.74371599
Míry plodnosti,2024,34,Zlínský kraj,86.99498673
Míry plodnosti,2024,34,Moravskoslezský kraj,65.47860132
Míry plodnosti,2024,35,Česko,63.95903479
Míry plodnosti,2024,35,Praha,76.30595314
Míry plodnosti,2024,35,Střední Čechy,66.44824409
Míry plodnosti,2024,35,Jihozápad,61.57849089
Míry plodnosti,2024,35,Severozápad,49.20212766
Míry plodnosti,2024,35,Severovýchod,63.14243759
Míry plodnosti,2024,35,Jihovýchod,64.70588235
Míry plodnosti,2024,35,Střední Morava,64.70588235
Míry plodnosti,2024,35,Moravskoslezsko,57.68973364
Míry plodnosti,2024,35,Hlavní město Praha,76.30595314
Míry plodnosti,2024,35,Středočeský kraj,66.44824409
Míry plodnosti,2024,35,Jihočeský kraj,70.15834348
Míry plodnosti,2024,35,Plzeňský kraj,52.69793243
Míry plodnosti,2024,35,Karlovarský kraj,46.75467547
Míry plodnosti,2024,35,Ústecký kraj,50.1010101
Míry plodnosti,2024,35,Liberecký kraj,53.55267763
Míry plodnosti,2024,35,Královéhradecký kraj,66.66666667
Míry plodnosti,2024,35,Pardubický kraj,67.82713085
Míry plodnosti,2024,35,Kraj Vysočina,58.68927291
Míry plodnosti,2024,35,Jihomoravský kraj,66.9229845
Míry plodnosti,2024,35,Olomoucký kraj,65.35778869
Míry plodnosti,2024,35,Zlínský kraj,63.97208491
Míry plodnosti,2024,35,Moravskoslezský kraj,57.68973364
Míry plodnosti,2024,36,Česko,53.58110079
Míry plodnosti,2024,36,Praha,63.8221262
Míry plodnosti,2024,36,Střední Čechy,48.77563209
Míry plodnosti,2024,36,Jihozápad,51.77953534
Míry plodnosti,2024,36,Severozápad,42.4215643
Míry plodnosti,2024,36,Severovýchod,52.16126351
Míry plodnosti,2024,36,Jihovýchod,56.88282139
Míry plodnosti,2024,36,Střední Morava,58.6655927
Míry plodnosti,2024,36,Moravskoslezsko,48.61390117
Míry plodnosti,2024,36,Hlavní město Praha,63.8221262
Míry plodnosti,2024,36,Středočeský kraj,48.77563209
Míry plodnosti,2024,36,Jihočeský kraj,54.95317891
Míry plodnosti,2024,36,Plzeňský kraj,48.58701041
Míry plodnosti,2024,36,Karlovarský kraj,34.76371537
Míry plodnosti,2024,36,Ústecký kraj,45.27081649
Míry plodnosti,2024,36,Liberecký kraj,51.23796424
Míry plodnosti,2024,36,Královéhradecký kraj,53.43283582
Míry plodnosti,2024,36,Pardubický kraj,51.69340463
Míry plodnosti,2024,36,Kraj Vysočina,57.4302401
Míry plodnosti,2024,36,Jihomoravský kraj,56.68064709
Míry plodnosti,2024,36,Olomoucký kraj,57.10659898
Míry plodnosti,2024,36,Zlínský kraj,60.41607296
Míry plodnosti,2024,36,Moravskoslezský kraj,48.61390117
Míry plodnosti,2024,37,Česko,42.38300236
Míry plodnosti,2024,37,Praha,53.88739946
Míry plodnosti,2024,37,Střední Čechy,39.03785489
Míry plodnosti,2024,37,Jihozápad,38.37611056
Míry plodnosti,2024,37,Severozápad,31.97631384
Míry plodnosti,2024,37,Severovýchod,40.79475798
Míry plodnosti,2024,37,Jihovýchod,43.50468913
Míry plodnosti,2024,37,Střední Morava,46.39591178
Míry plodnosti,2024,37,Moravskoslezsko,39.71362961
Míry plodnosti,2024,37,Hlavní město Praha,53.88739946
Míry plodnosti,2024,37,Středočeský kraj,39.03785489
Míry plodnosti,2024,37,Jihočeský kraj,43.14406149
Míry plodnosti,2024,37,Plzeňský kraj,33.65266519
Míry plodnosti,2024,37,Karlovarský kraj,24.97285559
Míry plodnosti,2024,37,Ústecký kraj,34.60207612
Míry plodnosti,2024,37,Liberecký kraj,37.67003837
Míry plodnosti,2024,37,Královéhradecký kraj,38.86712865
Míry plodnosti,2024,37,Pardubický kraj,45.48229548
Míry plodnosti,2024,37,Kraj Vysočina,39.68
Míry plodnosti,2024,37,Jihomoravský kraj,44.92909069
Míry plodnosti,2024,37,Olomoucký kraj,47.06181633
Míry plodnosti,2024,37,Zlínský kraj,45.64907275
Míry plodnosti,2024,37,Moravskoslezský kraj,39.71362961
Míry plodnosti,2024,38,Česko,33.70433595
Míry plodnosti,2024,38,Praha,44.45625221
Míry plodnosti,2024,38,Střední Čechy,32.30444785
Míry plodnosti,2024,38,Jihozápad,32.27763621
Míry plodnosti,2024,38,Severozápad,27.91915079
Míry plodnosti,2024,38,Severovýchod,32.18438538
Míry plodnosti,2024,38,Jihovýchod,35.31109413
Míry plodnosti,2024,38,Střední Morava,34.55665684
Míry plodnosti,2024,38,Moravskoslezsko,24.92004264
Míry plodnosti,2024,38,Hlavní město Praha,44.45625221
Míry plodnosti,2024,38,Středočeský kraj,32.30444785
Míry plodnosti,2024,38,Jihočeský kraj,34.82099068
Míry plodnosti,2024,38,Plzeňský kraj,29.78621187
Míry plodnosti,2024,38,Karlovarský kraj,26.18920363
Míry plodnosti,2024,38,Ústecký kraj,28.56572113
Míry plodnosti,2024,38,Liberecký kraj,30.68340307
Míry plodnosti,2024,38,Královéhradecký kraj,35.79812207
Míry plodnosti,2024,38,Pardubický kraj,29.79737783
Míry plodnosti,2024,38,Kraj Vysočina,36.27906977
Míry plodnosti,2024,38,Jihomoravský kraj,34.94623656
Míry plodnosti,2024,38,Olomoucký kraj,32.59753593
Míry plodnosti,2024,38,Zlínský kraj,36.69467787
Míry plodnosti,2024,38,Moravskoslezský kraj,24.92004264
Míry plodnosti,2024,39,Česko,26.15422065
Míry plodnosti,2024,39,Praha,32.05413587
Míry plodnosti,2024,39,Střední Čechy,27.23332077
Míry plodnosti,2024,39,Jihozápad,25.04134184
Míry plodnosti,2024,39,Severozápad,23.59033372
Míry plodnosti,2024,39,Severovýchod,24.53306411
Míry plodnosti,2024,39,Jihovýchod,24.07204781
Míry plodnosti,2024,39,Střední Morava,30.91684435
Míry plodnosti,2024,39,Moravskoslezsko,20.01352265
Míry plodnosti,2024,39,Hlavní město Praha,32.05413587
Míry plodnosti,2024,39,Středočeský kraj,27.23332077
Míry plodnosti,2024,39,Jihočeský kraj,27.45285271
Míry plodnosti,2024,39,Plzeňský kraj,22.67944821
Míry plodnosti,2024,39,Karlovarský kraj,16.23036649
Míry plodnosti,2024,39,Ústecký kraj,26.37842126
Míry plodnosti,2024,39,Liberecký kraj,22.12389381
Míry plodnosti,2024,39,Královéhradecký kraj,26.41295087
Míry plodnosti,2024,39,Pardubický kraj,24.66627974
Míry plodnosti,2024,39,Kraj Vysočina,20.20820576
Míry plodnosti,2024,39,Jihomoravský kraj,25.53685432
Míry plodnosti,2024,39,Olomoucký kraj,33.06639111
Míry plodnosti,2024,39,Zlínský kraj,28.62647949
Míry plodnosti,2024,39,Moravskoslezský kraj,20.01352265
Míry plodnosti,2024,40,Česko,21.23619715
Míry plodnosti,2024,40,Praha,29.36699794
Míry plodnosti,2024,40,Střední Čechy,20.84306945
Míry plodnosti,2024,40,Jihozápad,18.55092755
Míry plodnosti,2024,40,Severozápad,17.23401225
Míry plodnosti,2024,40,Severovýchod,17.71255061
Míry plodnosti,2024,40,Jihovýchod,22.00488998
Míry plodnosti,2024,40,Střední Morava,21.99683878
Míry plodnosti,2024,40,Moravskoslezsko,19.15093076
Míry plodnosti,2024,40,Hlavní město Praha,29.36699794
Míry plodnosti,2024,40,Středočeský kraj,20.84306945
Míry plodnosti,2024,40,Jihočeský kraj,19.65892942
Míry plodnosti,2024,40,Plzeňský kraj,17.47528167
Míry plodnosti,2024,40,Karlovarský kraj,20.63492063
Míry plodnosti,2024,40,Ústecký kraj,15.9812902
Míry plodnosti,2024,40,Liberecký kraj,20.57749751
Míry plodnosti,2024,40,Královéhradecký kraj,17.38882554
Míry plodnosti,2024,40,Pardubický kraj,15.48079786
Míry plodnosti,2024,40,Kraj Vysočina,22.90555381
Míry plodnosti,2024,40,Jihomoravský kraj,21.67396818
Míry plodnosti,2024,40,Olomoucký kraj,19.66717095
Míry plodnosti,2024,40,Zlínský kraj,24.54495312
Míry plodnosti,2024,40,Moravskoslezský kraj,19.15093076
Míry plodnosti,2024,41,Česko,12.49400607
Míry plodnosti,2024,41,Praha,16.82778375
Míry plodnosti,2024,41,Střední Čechy,11.43850659
Míry plodnosti,2024,41,Jihozápad,11.95866713
Míry plodnosti,2024,41,Severozápad,10.79641054
Míry plodnosti,2024,41,Severovýchod,12.3730007
Míry plodnosti,2024,41,Jihovýchod,11.81167859
Míry plodnosti,2024,41,Střední Morava,13.72345935
Míry plodnosti,2024,41,Moravskoslezsko,9.80911983
Míry plodnosti,2024,41,Hlavní město Praha,16.82778375
Míry plodnosti,2024,41,Středočeský kraj,11.43850659
Míry plodnosti,2024,41,Jihočeský kraj,13.09022908
Míry plodnosti,2024,41,Plzeňský kraj,10.84198385
Míry plodnosti,2024,41,Karlovarský kraj,9.473684211
Míry plodnosti,2024,41,Ústecký kraj,11.27675841
Míry plodnosti,2024,41,Liberecký kraj,13.78404989
Míry plodnosti,2024,41,Královéhradecký kraj,10.20408163
Míry plodnosti,2024,41,Pardubický kraj,13.36898396
Míry plodnosti,2024,41,Kraj Vysočina,12.01108716
Míry plodnosti,2024,41,Jihomoravský kraj,11.73789174
Míry plodnosti,2024,41,Olomoucký kraj,12.95210166
Míry plodnosti,2024,41,Zlínský kraj,14.59251101
Míry plodnosti,2024,41,Moravskoslezský kraj,9.80911983
Míry plodnosti,2024,42,Česko,8.145131433
Míry plodnosti,2024,42,Praha,10.39971062
Míry plodnosti,2024,42,Střední Čechy,8.924547012
Míry plodnosti,2024,42,Jihozápad,8.736636395
Míry plodnosti,2024,42,Severozápad,5.440089273
Míry plodnosti,2024,42,Severovýchod,7.24062686
Míry plodnosti,2024,42,Jihovýchod,7.813142528
Míry plodnosti,2024,42,Střední Morava,7.815454431
Míry plodnosti,2024,42,Moravskoslezsko,7.666442502
Míry plodnosti,2024,42,Hlavní město Praha,10.39971062
Míry plodnosti,2024,42,Středočeský kraj,8.924547012
Míry plodnosti,2024,42,Jihočeský kraj,8.236101579
Míry plodnosti,2024,42,Plzeňský kraj,9.242144177
Míry plodnosti,2024,42,Karlovarský kraj,3.64393545
Míry plodnosti,2024,42,Ústecký kraj,6.097560976
Míry plodnosti,2024,42,Liberecký kraj,8.83797054
Míry plodnosti,2024,42,Královéhradecký kraj,6.462489463
Míry plodnosti,2024,42,Pardubický kraj,6.632064591
Míry plodnosti,2024,42,Kraj Vysočina,6.900690069
Míry plodnosti,2024,42,Jihomoravský kraj,8.15771584
Míry plodnosti,2024,42,Olomoucký kraj,6.193425441
Míry plodnosti,2024,42,Zlínský kraj,9.638554217
Míry plodnosti,2024,42,Moravskoslezský kraj,7.666442502
Míry plodnosti,2024,43,Česko,4.868473727
Míry plodnosti,2024,43,Praha,6.81492109
Míry plodnosti,2024,43,Střední Čechy,5.091739092
Míry plodnosti,2024,43,Jihozápad,5.671077505
Míry plodnosti,2024,43,Severozápad,4.617055948
Míry plodnosti,2024,43,Severovýchod,3.380336102
Míry plodnosti,2024,43,Jihovýchod,4.571703561
Míry plodnosti,2024,43,Střední Morava,4.398826979
Míry plodnosti,2024,43,Moravskoslezsko,3.983534723
Míry plodnosti,2024,43,Hlavní město Praha,6.81492109
Míry plodnosti,2024,43,Středočeský kraj,5.091739092
Míry plodnosti,2024,43,Jihočeský kraj,5.524861878
Míry plodnosti,2024,43,Plzeňský kraj,5.81915846
Míry plodnosti,2024,43,Karlovarský kraj,3.598971722
Míry plodnosti,2024,43,Ústecký kraj,4.98246909
Míry plodnosti,2024,43,Liberecký kraj,3.796267004
Míry plodnosti,2024,43,Královéhradecký kraj,3.864200938
Míry plodnosti,2024,43,Pardubický kraj,2.521008403
Míry plodnosti,2024,43,Kraj Vysočina,4.387247733
Míry plodnosti,2024,43,Jihomoravský kraj,4.641396839
Míry plodnosti,2024,43,Olomoucký kraj,3.694296929
Míry plodnosti,2024,43,Zlínský kraj,5.190760446
Míry plodnosti,2024,43,Moravskoslezský kraj,3.983534723
Míry plodnosti,2024,44,Česko,3.244724319
Míry plodnosti,2024,44,Praha,6.207532925
Míry plodnosti,2024,44,Střední Čechy,3.009353396
Míry plodnosti,2024,44,Jihozápad,2.09292591
Míry plodnosti,2024,44,Severozápad,2.35177621
Míry plodnosti,2024,44,Severovýchod,3.480899679
Míry plodnosti,2024,44,Jihovýchod,2.883156297
Míry plodnosti,2024,44,Střední Morava,2.068490002
Míry plodnosti,2024,44,Moravskoslezsko,3.021148036
Míry plodnosti,2024,44,Hlavní město Praha,6.207532925
Míry plodnosti,2024,44,Středočeský kraj,3.009353396
Míry plodnosti,2024,44,Jihočeský kraj,2.696535988
Míry plodnosti,2024,44,Plzeňský kraj,1.478352693
Míry plodnosti,2024,44,Karlovarský kraj,3.277153558
Míry plodnosti,2024,44,Ústecký kraj,2.019182231
Míry plodnosti,2024,44,Liberecký kraj,3.271861987
Míry plodnosti,2024,44,Královéhradecký kraj,4.335628666
Míry plodnosti,2024,44,Pardubický kraj,2.805406784
Míry plodnosti,2024,44,Kraj Vysočina,2.769315979
Míry plodnosti,2024,44,Jihomoravský kraj,2.926115582
Míry plodnosti,2024,44,Olomoucký kraj,2.631578947
Míry plodnosti,2024,44,Zlínský kraj,1.448575567
Míry plodnosti,2024,44,Moravskoslezský kraj,3.021148036
Míry plodnosti,2024,45,Česko,1.752798824
Míry plodnosti,2024,45,Praha,2.490960225
Míry plodnosti,2024,45,Střední Čechy,2.206665652
Míry plodnosti,2024,45,Jihozápad,1.38709997
Míry plodnosti,2024,45,Severozápad,1.382170007
Míry plodnosti,2024,45,Severovýchod,1.411491199
Míry plodnosti,2024,45,Jihovýchod,1.68128655
Míry plodnosti,2024,45,Střední Morava,1.389928365
Míry plodnosti,2024,45,Moravskoslezsko,1.779557335
Míry plodnosti,2024,45,Hlavní město Praha,2.490960225
Míry plodnosti,2024,45,Středočeský kraj,2.206665652
Míry plodnosti,2024,45,Jihočeský kraj,1.159644376
Míry plodnosti,2024,45,Plzeňský kraj,1.626346818
Míry plodnosti,2024,45,Karlovarský kraj,2.178649237
Míry plodnosti,2024,45,Ústecký kraj,1.095976202
Míry plodnosti,2024,45,Liberecký kraj,1.947690595
Míry plodnosti,2024,45,Královéhradecký kraj,1.886792453
Míry plodnosti,2024,45,Pardubický kraj,0.475059382
Míry plodnosti,2024,45,Kraj Vysočina,1.300390117
Míry plodnosti,2024,45,Jihomoravský kraj,1.830198271
Míry plodnosti,2024,45,Olomoucký kraj,1.223740567
Míry plodnosti,2024,45,Zlínský kraj,1.573033708
Míry plodnosti,2024,45,Moravskoslezský kraj,1.779557335
Míry plodnosti,2024,46,Česko,0.86202133
Míry plodnosti,2024,46,Praha,1.773192553
Míry plodnosti,2024,46,Střední Čechy,1.192161538
Míry plodnosti,2024,46,Jihozápad,0.768565664
Míry plodnosti,2024,46,Severozápad,0.790781744
Míry plodnosti,2024,46,Severovýchod,0.402317348
Míry plodnosti,2024,46,Jihovýchod,0.356786071
Míry plodnosti,2024,46,Střední Morava,0.92506938
Míry plodnosti,2024,46,Moravskoslezsko,0.650406504
Míry plodnosti,2024,46,Hlavní město Praha,1.773192553
Míry plodnosti,2024,46,Středočeský kraj,1.192161538
Míry plodnosti,2024,46,Jihočeský kraj,0.376010528
Míry plodnosti,2024,46,Plzeňský kraj,1.178781925
Míry plodnosti,2024,46,Karlovarský kraj,0.837520938
Míry plodnosti,2024,46,Ústecký kraj,0.773514851
Míry plodnosti,2024,46,Liberecký kraj,0.266951415
Míry plodnosti,2024,46,Královéhradecký kraj,0.453823463
Míry plodnosti,2024,46,Pardubický kraj,0.467836257
Míry plodnosti,2024,46,Kraj Vysočina,0.5
Míry plodnosti,2024,46,Jihomoravský kraj,0.299580587
Míry plodnosti,2024,46,Olomoucký kraj,1.17693213
Míry plodnosti,2024,46,Zlínský kraj,0.647808249
Míry plodnosti,2024,46,Moravskoslezský kraj,0.650406504
Míry plodnosti,2024,47,Česko,0.541418517
Míry plodnosti,2024,47,Praha,1.395272489
Míry plodnosti,2024,47,Střední Čechy,0.522349078
Míry plodnosti,2024,47,Jihozápad,0.371505526
Míry plodnosti,2024,47,Severozápad,0.217178847
Míry plodnosti,2024,47,Severovýchod,0.31024587
Míry plodnosti,2024,47,Jihovýchod,0.415397397
Míry plodnosti,2024,47,Střední Morava,0.599041534
Míry plodnosti,2024,47,Moravskoslezsko,0.423908436
Míry plodnosti,2024,47,Hlavní město Praha,1.395272489
Míry plodnosti,2024,47,Středočeský kraj,0.522349078
Míry plodnosti,2024,47,Jihočeský kraj,0.368324125
Míry plodnosti,2024,47,Plzeňský kraj,0.374742365
Míry plodnosti,2024,47,Karlovarský kraj,0.0
Míry plodnosti,2024,47,Ústecký kraj,0.298462916
Míry plodnosti,2024,47,Liberecký kraj,0.260078023
Míry plodnosti,2024,47,Královéhradecký kraj,0.434404865
Míry plodnosti,2024,47,Pardubický kraj,0.225022502
Míry plodnosti,2024,47,Kraj Vysočina,0.0
Míry plodnosti,2024,47,Jihomoravský kraj,0.581508044
Míry plodnosti,2024,47,Olomoucký kraj,1.138088012
Míry plodnosti,2024,47,Zlínský kraj,0.0
Míry plodnosti,2024,47,Moravskoslezský kraj,0.423908436
Míry plodnosti,2024,48,Česko,0.392718782
Míry plodnosti,2024,48,Praha,0.827061451
Míry plodnosti,2024,48,Střední Čechy,0.074460164
Míry plodnosti,2024,48,Jihozápad,0.362844702
Míry plodnosti,2024,48,Severozápad,0.205296654
Míry plodnosti,2024,48,Severovýchod,0.151217299
Míry plodnosti,2024,48,Jihovýchod,0.543183053
Míry plodnosti,2024,48,Střední Morava,0.387221684
Míry plodnosti,2024,48,Moravskoslezsko,0.622148486
Míry plodnosti,2024,48,Hlavní město Praha,0.827061451
Míry plodnosti,2024,48,Středočeský kraj,0.074460164
Míry plodnosti,2024,48,Jihočeský kraj,0.361598264
Míry plodnosti,2024,48,Plzeňský kraj,0.364099763
Míry plodnosti,2024,48,Karlovarský kraj,0.3756574
Míry plodnosti,2024,48,Ústecký kraj,0.141242938
Míry plodnosti,2024,48,Liberecký kraj,0.254647313
Míry plodnosti,2024,48,Královéhradecký kraj,0.21079258
Míry plodnosti,2024,48,Pardubický kraj,0.0
Míry plodnosti,2024,48,Kraj Vysočina,0.700443614
Míry plodnosti,2024,48,Jihomoravský kraj,0.478697942
Míry plodnosti,2024,48,Olomoucký kraj,0.365697568
Míry plodnosti,2024,48,Zlínský kraj,0.411437976
Míry plodnosti,2024,48,Moravskoslezský kraj,0.622148486
Míry plodnosti,2024,49,Česko,0.524901319
Míry plodnosti,2024,49,Praha,1.332223147
Míry plodnosti,2024,49,Střední Čechy,0.225360577
Míry plodnosti,2024,49,Jihozápad,0.80292622
Míry plodnosti,2024,49,Severozápad,0.200220242
Míry plodnosti,2024,49,Severovýchod,0.597907324
Míry plodnosti,2024,49,Jihovýchod,0.470841461
Míry plodnosti,2024,49,Střední Morava,0.285035629
Míry plodnosti,2024,49,Moravskoslezsko,0.200722601
Míry plodnosti,2024,49,Hlavní město Praha,1.332223147
Míry plodnosti,2024,49,Středočeský kraj,0.225360577
Míry plodnosti,2024,49,Jihočeský kraj,1.239815799
Míry plodnosti,2024,49,Plzeňský kraj,0.359518246
Míry plodnosti,2024,49,Karlovarský kraj,0.0
Míry plodnosti,2024,49,Ústecký kraj,0.275633958
Míry plodnosti,2024,49,Liberecký kraj,0.493705258
Míry plodnosti,2024,49,Královéhradecký kraj,0.208986416
Míry plodnosti,2024,49,Pardubický kraj,1.100352113
Míry plodnosti,2024,49,Kraj Vysočina,0.690607735
Míry plodnosti,2024,49,Jihomoravský kraj,0.380119738
Míry plodnosti,2024,49,Olomoucký kraj,0.540054005
Míry plodnosti,2024,49,Zlínský kraj,0.0
Míry plodnosti,2024,49,Moravskoslezský kraj,0.200722601
