Ukazatel;Roky;ČR, kraje;Věk (jednoleté skupiny);value
Míry plodnosti;2023;Česko;15;0.9231935904
Míry plodnosti;2023;Česko;16;2.1314883729
Míry plodnosti;2023;Česko;17;4.8942332368
Míry plodnosti;2023;Česko;18;8.9697781748
Míry plodnosti;2023;Česko;19;15.0368847046
Míry plodnosti;2023;Česko;20;22.2921382803
Míry plodnosti;2023;Česko;21;27.8738833832
Míry plodnosti;2023;Česko;22;36.5710884016
Míry plodnosti;2023;Česko;23;45.3715409468
Míry plodnosti;2023;Česko;24;57.3957624064
Míry plodnosti;2023;Česko;25;70.853557476
Míry plodnosti;2023;Česko;26;85.744427296
Míry plodnosti;2023;Česko;27;97.6183698643
Míry plodnosti;2023;Česko;28;102.5428948526
Míry plodnosti;2023;Česko;29;111.7305976806
Míry plodnosti;2023;Česko;30;111.3379610725
Míry plodnosti;2023;Česko;31;102.9972992015
Míry plodnosti;2023;Česko;32;98.8877970977
Míry plodnosti;2023;Česko;33;88.2688739832
Míry plodnosti;2023;Česko;34;76.7434335476
Míry plodnosti;2023;Česko;35;65.7128528043
Míry plodnosti;2023;Česko;36;55.0691501227
Míry plodnosti;2023;Česko;37;45.4713696245
Míry plodnosti;2023;Česko;38;36.0425179534
Míry plodnosti;2023;Česko;39;27.8516917674
Míry plodnosti;2023;Česko;40;20.4329814246
Míry plodnosti;2023;Česko;41;13.242662849
Míry plodnosti;2023;Česko;42;8.5135012744
Míry plodnosti;2023;Česko;43;5.0486793908
Míry plodnosti;2023;Česko;44;3.0111616745
Míry plodnosti;2023;Česko;45;1.7687180111
Míry plodnosti;2023;Česko;46;0.985979587
Míry plodnosti;2023;Česko;47;0.4989437255
Míry plodnosti;2023;Česko;48;0.3462640211
Míry plodnosti;2023;Česko;49;0.3902016042
Míry plodnosti;2023;Hlavní město Praha;15;0.1459002043
Míry plodnosti;2023;Hlavní město Praha;16;0.0
Míry plodnosti;2023;Hlavní město Praha;17;2.9507687529
Míry plodnosti;2023;Hlavní město Praha;18;4.1573867854
Míry plodnosti;2023;Hlavní město Praha;19;7.6595744681
Míry plodnosti;2023;Hlavní město Praha;20;14.8201438849
Míry plodnosti;2023;Hlavní město Praha;21;15.2125279642
Míry plodnosti;2023;Hlavní město Praha;22;22.5912627169
Míry plodnosti;2023;Hlavní město Praha;23;29.1085506367
Míry plodnosti;2023;Hlavní město Praha;24;38.5310054184
Míry plodnosti;2023;Hlavní město Praha;25;43.0751675938
Míry plodnosti;2023;Hlavní město Praha;26;54.873164219
Míry plodnosti;2023;Hlavní město Praha;27;67.354214413
Míry plodnosti;2023;Hlavní město Praha;28;74.5895788722
Míry plodnosti;2023;Hlavní město Praha;29;87.4221396569
Míry plodnosti;2023;Hlavní město Praha;30;98.811369509
Míry plodnosti;2023;Hlavní město Praha;31;99.5675250639
Míry plodnosti;2023;Hlavní město Praha;32;100.8547008547
Míry plodnosti;2023;Hlavní město Praha;33;94.8104735797
Míry plodnosti;2023;Hlavní město Praha;34;90.1548672566
Míry plodnosti;2023;Hlavní město Praha;35;74.6835443038
Míry plodnosti;2023;Hlavní město Praha;36;67.1783295711
Míry plodnosti;2023;Hlavní město Praha;37;57.2902766658
Míry plodnosti;2023;Hlavní město Praha;38;44.9718925671
Míry plodnosti;2023;Hlavní město Praha;39;37.4091683861
Míry plodnosti;2023;Hlavní město Praha;40;26.412721229
Míry plodnosti;2023;Hlavní město Praha;41;18.3243686754
Míry plodnosti;2023;Hlavní město Praha;42;12.5281658405
Míry plodnosti;2023;Hlavní město Praha;43;6.4973419965
Míry plodnosti;2023;Hlavní město Praha;44;4.1046277666
Míry plodnosti;2023;Hlavní město Praha;45;3.1471917366
Míry plodnosti;2023;Hlavní město Praha;46;1.1492365786
Míry plodnosti;2023;Hlavní město Praha;47;0.7467640226
Míry plodnosti;2023;Hlavní město Praha;48;1.3342228152
Míry plodnosti;2023;Hlavní město Praha;49;1.1512575275
Míry plodnosti;2023;Středočeský kraj;15;1.0191371306
Míry plodnosti;2023;Středočeský kraj;16;1.0980966325
Míry plodnosti;2023;Středočeský kraj;17;3.7516170763
Míry plodnosti;2023;Středočeský kraj;18;7.2551390568
Míry plodnosti;2023;Středočeský kraj;19;9.0793020287
Míry plodnosti;2023;Středočeský kraj;20;20.8394915755
Míry plodnosti;2023;Středočeský kraj;21;27.088377724
Míry plodnosti;2023;Středočeský kraj;22;34.1371750705
Míry plodnosti;2023;Středočeský kraj;23;44.0656159537
Míry plodnosti;2023;Středočeský kraj;24;59.4285714286
Míry plodnosti;2023;Středočeský kraj;25;75.9776536313
Míry plodnosti;2023;Středočeský kraj;26;87.1091257179
Míry plodnosti;2023;Středočeský kraj;27;105.5538508745
Míry plodnosti;2023;Středočeský kraj;28;108.2141855901
Míry plodnosti;2023;Středočeský kraj;29;118.2428155463
Míry plodnosti;2023;Středočeský kraj;30;112.8860489883
Míry plodnosti;2023;Středočeský kraj;31;108.5720782174
Míry plodnosti;2023;Středočeský kraj;32;102.0034467902
Míry plodnosti;2023;Středočeský kraj;33;88.3889540463
Míry plodnosti;2023;Středočeský kraj;34;75.7717492984
Míry plodnosti;2023;Středočeský kraj;35;71.1606690319
Míry plodnosti;2023;Středočeský kraj;36;58.8705647176
Míry plodnosti;2023;Středočeský kraj;37;45.5693742713
Míry plodnosti;2023;Středočeský kraj;38;35.7723577236
Míry plodnosti;2023;Středočeský kraj;39;27.4621212121
Míry plodnosti;2023;Středočeský kraj;40;21.4186369958
Míry plodnosti;2023;Středočeský kraj;41;14.2261689018
Míry plodnosti;2023;Středočeský kraj;42;8.3119639225
Míry plodnosti;2023;Středočeský kraj;43;5.0020500205
Míry plodnosti;2023;Středočeský kraj;44;3.9005736138
Míry plodnosti;2023;Středočeský kraj;45;1.7214280368
Míry plodnosti;2023;Středočeský kraj;46;1.4957744372
Míry plodnosti;2023;Středočeský kraj;47;0.6727462999
Míry plodnosti;2023;Středočeský kraj;48;0.3007292685
Míry plodnosti;2023;Středočeský kraj;49;0.3162055336
Míry plodnosti;2023;Jihočeský kraj;15;0.5454049632
Míry plodnosti;2023;Jihočeský kraj;16;3.1810294968
Míry plodnosti;2023;Jihočeský kraj;17;3.6798528059
Míry plodnosti;2023;Jihočeský kraj;18;7.4929753356
Míry plodnosti;2023;Jihočeský kraj;19;14.9633874562
Míry plodnosti;2023;Jihočeský kraj;20;21.3799805637
Míry plodnosti;2023;Jihočeský kraj;21;27.6315789474
Míry plodnosti;2023;Jihočeský kraj;22;35.6785595198
Míry plodnosti;2023;Jihočeský kraj;23;54.0723217303
Míry plodnosti;2023;Jihočeský kraj;24;53.0226274907
Míry plodnosti;2023;Jihočeský kraj;25;75.7929883139
Míry plodnosti;2023;Jihočeský kraj;26;98.487394958
Míry plodnosti;2023;Jihočeský kraj;27;108.8815789474
Míry plodnosti;2023;Jihočeský kraj;28;110.9778044391
Míry plodnosti;2023;Jihočeský kraj;29;127.2972972973
Míry plodnosti;2023;Jihočeský kraj;30;108.9108910891
Míry plodnosti;2023;Jihočeský kraj;31;104.2665993436
Míry plodnosti;2023;Jihočeský kraj;32;97.6456009913
Míry plodnosti;2023;Jihočeský kraj;33;91.2688597576
Míry plodnosti;2023;Jihočeský kraj;34;73.8844184345
Míry plodnosti;2023;Jihočeský kraj;35;58.6351318059
Míry plodnosti;2023;Jihočeský kraj;36;53.3896200646
Míry plodnosti;2023;Jihočeský kraj;37;40.9715407262
Míry plodnosti;2023;Jihočeský kraj;38;36.1244019139
Míry plodnosti;2023;Jihočeský kraj;39;21.4876033058
Míry plodnosti;2023;Jihočeský kraj;40;19.1231343284
Míry plodnosti;2023;Jihočeský kraj;41;11.7026158788
Míry plodnosti;2023;Jihočeský kraj;42;7.5138121547
Míry plodnosti;2023;Jihočeský kraj;43;6.6321243523
Míry plodnosti;2023;Jihočeský kraj;44;2.7079303675
Míry plodnosti;2023;Jihočeský kraj;45;1.8740629685
Míry plodnosti;2023;Jihočeský kraj;46;0.7370554634
Míry plodnosti;2023;Jihočeský kraj;47;0.0
Míry plodnosti;2023;Jihočeský kraj;48;0.1773364072
Míry plodnosti;2023;Jihočeský kraj;49;0.0
Míry plodnosti;2023;Plzeňský kraj;15;0.8867868756
Míry plodnosti;2023;Plzeňský kraj;16;2.4852438646
Míry plodnosti;2023;Plzeňský kraj;17;5.2700922266
Míry plodnosti;2023;Plzeňský kraj;18;9.7511768662
Míry plodnosti;2023;Plzeňský kraj;19;18.72909699
Míry plodnosti;2023;Plzeňský kraj;20;22.4530831099
Míry plodnosti;2023;Plzeňský kraj;21;28.8784419073
Míry plodnosti;2023;Plzeňský kraj;22;34.7593582888
Míry plodnosti;2023;Plzeňský kraj;23;42.8963623885
Míry plodnosti;2023;Plzeňský kraj;24;50.6815798672
Míry plodnosti;2023;Plzeňský kraj;25;71.1805555556
Míry plodnosti;2023;Plzeňský kraj;26;86.9269949066
Míry plodnosti;2023;Plzeňský kraj;27;97.9874628835
Míry plodnosti;2023;Plzeňský kraj;28;110.3213844252
Míry plodnosti;2023;Plzeňský kraj;29;110.3896103896
Míry plodnosti;2023;Plzeňský kraj;30;108.7728887674
Míry plodnosti;2023;Plzeňský kraj;31;91.0044584317
Míry plodnosti;2023;Plzeňský kraj;32;89.7661553935
Míry plodnosti;2023;Plzeňský kraj;33;75.7002271007
Míry plodnosti;2023;Plzeňský kraj;34;72.9797979798
Míry plodnosti;2023;Plzeňský kraj;35;62.5
Míry plodnosti;2023;Plzeňský kraj;36;50.9852216749
Míry plodnosti;2023;Plzeňský kraj;37;41.5350983726
Míry plodnosti;2023;Plzeňský kraj;38;35.4293758799
Míry plodnosti;2023;Plzeňský kraj;39;28.293135436
Míry plodnosti;2023;Plzeňský kraj;40;16.4618594946
Míry plodnosti;2023;Plzeňský kraj;41;10.9582653299
Míry plodnosti;2023;Plzeňský kraj;42;8.3183453237
Míry plodnosti;2023;Plzeňský kraj;43;4.2453831458
Míry plodnosti;2023;Plzeňský kraj;44;2.8624003271
Míry plodnosti;2023;Plzeňský kraj;45;1.3809429868
Míry plodnosti;2023;Plzeňský kraj;46;0.1885014138
Míry plodnosti;2023;Plzeňský kraj;47;0.73006023
Míry plodnosti;2023;Plzeňský kraj;48;0.0
Míry plodnosti;2023;Plzeňský kraj;49;0.5622188906
Míry plodnosti;2023;Karlovarský kraj;15;1.7182130584
Míry plodnosti;2023;Karlovarský kraj;16;4.2865890998
Míry plodnosti;2023;Karlovarský kraj;17;9.3582887701
Míry plodnosti;2023;Karlovarský kraj;18;9.1743119266
Míry plodnosti;2023;Karlovarský kraj;19;24.5664739884
Míry plodnosti;2023;Karlovarský kraj;20;35.9116022099
Míry plodnosti;2023;Karlovarský kraj;21;40.9836065574
Míry plodnosti;2023;Karlovarský kraj;22;40.830449827
Míry plodnosti;2023;Karlovarský kraj;23;49.504950495
Míry plodnosti;2023;Karlovarský kraj;24;64.4699140401
Míry plodnosti;2023;Karlovarský kraj;25;73.5189150607
Míry plodnosti;2023;Karlovarský kraj;26;78.853046595
Míry plodnosti;2023;Karlovarský kraj;27;92.1144452198
Míry plodnosti;2023;Karlovarský kraj;28;95.4223081883
Míry plodnosti;2023;Karlovarský kraj;29;84.7355769231
Míry plodnosti;2023;Karlovarský kraj;30;86.3095238095
Míry plodnosti;2023;Karlovarský kraj;31;86.2268518519
Míry plodnosti;2023;Karlovarský kraj;32;75.723830735
Míry plodnosti;2023;Karlovarský kraj;33;69.5274307442
Míry plodnosti;2023;Karlovarský kraj;34;58.5048754063
Míry plodnosti;2023;Karlovarský kraj;35;52.3193096009
Míry plodnosti;2023;Karlovarský kraj;36;43.8074634938
Míry plodnosti;2023;Karlovarský kraj;37;34.983853606
Míry plodnosti;2023;Karlovarský kraj;38;32.0546505518
Míry plodnosti;2023;Karlovarský kraj;39;26.4970853206
Míry plodnosti;2023;Karlovarský kraj;40;16.8509741969
Míry plodnosti;2023;Karlovarský kraj;41;9.9632931306
Míry plodnosti;2023;Karlovarský kraj;42;5.6151097499
Míry plodnosti;2023;Karlovarský kraj;43;2.358490566
Míry plodnosti;2023;Karlovarský kraj;44;1.7398869074
Míry plodnosti;2023;Karlovarský kraj;45;1.2557555463
Míry plodnosti;2023;Karlovarský kraj;46;0.3985651654
Míry plodnosti;2023;Karlovarský kraj;47;0.0
Míry plodnosti;2023;Karlovarský kraj;48;0.0
Míry plodnosti;2023;Karlovarský kraj;49;0.0
Míry plodnosti;2023;Ústecký kraj;15;2.0546537908
Míry plodnosti;2023;Ústecký kraj;16;5.2207961714
Míry plodnosti;2023;Ústecký kraj;17;8.5233817093
Míry plodnosti;2023;Ústecký kraj;18;18.4450151763
Míry plodnosti;2023;Ústecký kraj;19;32.250414987
Míry plodnosti;2023;Ústecký kraj;20;40.5804230202
Míry plodnosti;2023;Ústecký kraj;21;45.3406813627
Míry plodnosti;2023;Ústecký kraj;22;59.3584238444
Míry plodnosti;2023;Ústecký kraj;23;57.0617092693
Míry plodnosti;2023;Ústecký kraj;24;74.0263090018
Míry plodnosti;2023;Ústecký kraj;25;85.1173587826
Míry plodnosti;2023;Ústecký kraj;26;91.1949685535
Míry plodnosti;2023;Ústecký kraj;27;92.6208651399
Míry plodnosti;2023;Ústecký kraj;28;101.6030174446
Míry plodnosti;2023;Ústecký kraj;29;98.8535582955
Míry plodnosti;2023;Ústecký kraj;30;97.8902953586
Míry plodnosti;2023;Ústecký kraj;31;84.7599164927
Míry plodnosti;2023;Ústecký kraj;32;80.8823529412
Míry plodnosti;2023;Ústecký kraj;33;65.0572831424
Míry plodnosti;2023;Ústecký kraj;34;58.3149004625
Míry plodnosti;2023;Ústecký kraj;35;52.4623115578
Míry plodnosti;2023;Ústecký kraj;36;37.5253549696
Míry plodnosti;2023;Ústecký kraj;37;37.1035308199
Míry plodnosti;2023;Ústecký kraj;38;31.1199207136
Míry plodnosti;2023;Ústecký kraj;39;22.0973056794
Míry plodnosti;2023;Ústecký kraj;40;16.0366552119
Míry plodnosti;2023;Ústecký kraj;41;12.9326740205
Míry plodnosti;2023;Ústecký kraj;42;6.449235305
Míry plodnosti;2023;Ústecký kraj;43;5.1882845188
Míry plodnosti;2023;Ústecký kraj;44;1.7176764522
Míry plodnosti;2023;Ústecký kraj;45;1.5427337242
Míry plodnosti;2023;Ústecký kraj;46;0.744712541
Míry plodnosti;2023;Ústecký kraj;47;0.4225352113
Míry plodnosti;2023;Ústecký kraj;48;0.1370801919
Míry plodnosti;2023;Ústecký kraj;49;0.2813335209
Míry plodnosti;2023;Liberecký kraj;15;1.4998125234
Míry plodnosti;2023;Liberecký kraj;16;2.4311183144
Míry plodnosti;2023;Liberecký kraj;17;4.347826087
Míry plodnosti;2023;Liberecký kraj;18;9.7647581003
Míry plodnosti;2023;Liberecký kraj;19;18.8425302826
Míry plodnosti;2023;Liberecký kraj;20;25.2062328139
Míry plodnosti;2023;Liberecký kraj;21;33.208606174
Míry plodnosti;2023;Liberecký kraj;22;44.360547428
Míry plodnosti;2023;Liberecký kraj;23;47.462406015
Míry plodnosti;2023;Liberecký kraj;24;54.4090056285
Míry plodnosti;2023;Liberecký kraj;25;75.5159474672
Míry plodnosti;2023;Liberecký kraj;26;84.7537878788
Míry plodnosti;2023;Liberecký kraj;27;93.75
Míry plodnosti;2023;Liberecký kraj;28;87.4001774623
Míry plodnosti;2023;Liberecký kraj;29;116.1575562701
Míry plodnosti;2023;Liberecký kraj;30;110.8545034642
Míry plodnosti;2023;Liberecký kraj;31;97.037037037
Míry plodnosti;2023;Liberecký kraj;32;89.6478121665
Míry plodnosti;2023;Liberecký kraj;33;92.8419560595
Míry plodnosti;2023;Liberecký kraj;34;65.4238480478
Míry plodnosti;2023;Liberecký kraj;35;57.0745044429
Míry plodnosti;2023;Liberecký kraj;36;52.649930265
Míry plodnosti;2023;Liberecký kraj;37;45.1048951049
Míry plodnosti;2023;Liberecký kraj;38;33.2316039335
Míry plodnosti;2023;Liberecký kraj;39;21.978021978
Míry plodnosti;2023;Liberecký kraj;40;20.3947368421
Míry plodnosti;2023;Liberecký kraj;41;8.4967320261
Míry plodnosti;2023;Liberecký kraj;42;5.3695514845
Míry plodnosti;2023;Liberecký kraj;43;4.1928721174
Míry plodnosti;2023;Liberecký kraj;44;2.7824151363
Míry plodnosti;2023;Liberecký kraj;45;1.3358268768
Míry plodnosti;2023;Liberecký kraj;46;2.3400936037
Míry plodnosti;2023;Liberecký kraj;47;0.0
Míry plodnosti;2023;Liberecký kraj;48;0.0
Míry plodnosti;2023;Liberecký kraj;49;0.0
Míry plodnosti;2023;Královéhradecký kraj;15;0.6287331028
Míry plodnosti;2023;Královéhradecký kraj;16;1.3266998342
Míry plodnosti;2023;Královéhradecký kraj;17;4.6197583511
Míry plodnosti;2023;Královéhradecký kraj;18;9.1810503122
Míry plodnosti;2023;Královéhradecký kraj;19;15.3500561587
Míry plodnosti;2023;Královéhradecký kraj;20;23.8095238095
Míry plodnosti;2023;Královéhradecký kraj;21;31.746031746
Míry plodnosti;2023;Královéhradecký kraj;22;34.6954510409
Míry plodnosti;2023;Královéhradecký kraj;23;44.8569218871
Míry plodnosti;2023;Královéhradecký kraj;24;59.6780526109
Míry plodnosti;2023;Královéhradecký kraj;25;71.2025316456
Míry plodnosti;2023;Královéhradecký kraj;26;94.8275862069
Míry plodnosti;2023;Královéhradecký kraj;27;108.6956521739
Míry plodnosti;2023;Královéhradecký kraj;28;111.5973741794
Míry plodnosti;2023;Královéhradecký kraj;29;114.0265630062
Míry plodnosti;2023;Královéhradecký kraj;30;127.4060494959
Míry plodnosti;2023;Královéhradecký kraj;31;110.4331909701
Míry plodnosti;2023;Královéhradecký kraj;32;102.5250988744
Míry plodnosti;2023;Královéhradecký kraj;33;82.496194825
Míry plodnosti;2023;Královéhradecký kraj;34;77.5424992544
Míry plodnosti;2023;Královéhradecký kraj;35;63.454055672
Míry plodnosti;2023;Královéhradecký kraj;36;56.7567567568
Míry plodnosti;2023;Královéhradecký kraj;37;40.899795501
Míry plodnosti;2023;Královéhradecký kraj;38;27.9840091376
Míry plodnosti;2023;Královéhradecký kraj;39;30.6151645207
Míry plodnosti;2023;Královéhradecký kraj;40;22.7014755959
Míry plodnosti;2023;Královéhradecký kraj;41;13.7408861469
Míry plodnosti;2023;Královéhradecký kraj;42;9.1109884042
Míry plodnosti;2023;Královéhradecký kraj;43;3.5723398826
Míry plodnosti;2023;Královéhradecký kraj;44;3.9981185325
Míry plodnosti;2023;Královéhradecký kraj;45;2.0380434783
Míry plodnosti;2023;Královéhradecký kraj;46;0.2173440556
Míry plodnosti;2023;Královéhradecký kraj;47;0.4219409283
Míry plodnosti;2023;Královéhradecký kraj;48;0.417101147
Míry plodnosti;2023;Královéhradecký kraj;49;0.2131741633
Míry plodnosti;2023;Pardubický kraj;15;0.3400204012
Míry plodnosti;2023;Pardubický kraj;16;0.7087172218
Míry plodnosti;2023;Pardubický kraj;17;3.7579857197
Míry plodnosti;2023;Pardubický kraj;18;8.8495575221
Míry plodnosti;2023;Pardubický kraj;19;16.7706708268
Míry plodnosti;2023;Pardubický kraj;20;18.4664793256
Míry plodnosti;2023;Pardubický kraj;21;28.9971808296
Míry plodnosti;2023;Pardubický kraj;22;37.5757575758
Míry plodnosti;2023;Pardubický kraj;23;56.8227290916
Míry plodnosti;2023;Pardubický kraj;24;61.6895874263
Míry plodnosti;2023;Pardubický kraj;25;69.6128275323
Míry plodnosti;2023;Pardubický kraj;26;93.973037272
Míry plodnosti;2023;Pardubický kraj;27;119.921875
Míry plodnosti;2023;Pardubický kraj;28;118.8734455011
Míry plodnosti;2023;Pardubický kraj;29;118.4990125082
Míry plodnosti;2023;Pardubický kraj;30;117.9361179361
Míry plodnosti;2023;Pardubický kraj;31;102.3670458039
Míry plodnosti;2023;Pardubický kraj;32;98.8743535138
Míry plodnosti;2023;Pardubický kraj;33;99.3276283619
Míry plodnosti;2023;Pardubický kraj;34;70.2751196172
Míry plodnosti;2023;Pardubický kraj;35;65.3789004458
Míry plodnosti;2023;Pardubický kraj;36;46.6605672461
Míry plodnosti;2023;Pardubický kraj;37;47.7754553598
Míry plodnosti;2023;Pardubický kraj;38;37.456445993
Míry plodnosti;2023;Pardubický kraj;39;23.7459186702
Míry plodnosti;2023;Pardubický kraj;40;18.75
Míry plodnosti;2023;Pardubický kraj;41;8.3718244804
Míry plodnosti;2023;Pardubický kraj;42;10.1152008991
Míry plodnosti;2023;Pardubický kraj;43;4.347826087
Míry plodnosti;2023;Pardubický kraj;44;3.0820293978
Míry plodnosti;2023;Pardubický kraj;45;1.1682242991
Míry plodnosti;2023;Pardubický kraj;46;1.3513513514
Míry plodnosti;2023;Pardubický kraj;47;1.0969723563
Míry plodnosti;2023;Pardubický kraj;48;0.219731927
Míry plodnosti;2023;Pardubický kraj;49;0.2249718785
Míry plodnosti;2023;Kraj Vysočina;15;2.1261516655
Míry plodnosti;2023;Kraj Vysočina;16;2.2321428571
Míry plodnosti;2023;Kraj Vysočina;17;3.120124805
Míry plodnosti;2023;Kraj Vysočina;18;5.1607780865
Míry plodnosti;2023;Kraj Vysočina;19;13.9664804469
Míry plodnosti;2023;Kraj Vysočina;20;16.7731629393
Míry plodnosti;2023;Kraj Vysočina;21;25.8980785297
Míry plodnosti;2023;Kraj Vysočina;22;36.7864693446
Míry plodnosti;2023;Kraj Vysočina;23;47.9166666667
Míry plodnosti;2023;Kraj Vysočina;24;68.3026584867
Míry plodnosti;2023;Kraj Vysočina;25;90.2195608782
Míry plodnosti;2023;Kraj Vysočina;26;104.3267286696
Míry plodnosti;2023;Kraj Vysočina;27;104.6325878594
Míry plodnosti;2023;Kraj Vysočina;28;123.6802413273
Míry plodnosti;2023;Kraj Vysočina;29;128.629304524
Míry plodnosti;2023;Kraj Vysočina;30;125.486381323
Míry plodnosti;2023;Kraj Vysočina;31;118.0044771346
Míry plodnosti;2023;Kraj Vysočina;32;103.8353601497
Míry plodnosti;2023;Kraj Vysočina;33;92.0881971466
Míry plodnosti;2023;Kraj Vysočina;34;80.3015404785
Míry plodnosti;2023;Kraj Vysočina;35;67.818715357
Míry plodnosti;2023;Kraj Vysočina;36;49.725540846
Míry plodnosti;2023;Kraj Vysočina;37;41.4860681115
Míry plodnosti;2023;Kraj Vysočina;38;32.2878228782
Míry plodnosti;2023;Kraj Vysočina;39;25.0156347717
Míry plodnosti;2023;Kraj Vysočina;40;19.1653786708
Míry plodnosti;2023;Kraj Vysočina;41;12.0264582081
Míry plodnosti;2023;Kraj Vysočina;42;7.9086115993
Míry plodnosti;2023;Kraj Vysočina;43;5.5632823366
Míry plodnosti;2023;Kraj Vysočina;44;3.3951423348
Míry plodnosti;2023;Kraj Vysočina;45;2.004008016
Míry plodnosti;2023;Kraj Vysočina;46;1.4591439689
Míry plodnosti;2023;Kraj Vysočina;47;0.2348520432
Míry plodnosti;2023;Kraj Vysočina;48;0.0
Míry plodnosti;2023;Kraj Vysočina;49;0.9551098376
Míry plodnosti;2023;Jihomoravský kraj;15;0.3064194883
Míry plodnosti;2023;Jihomoravský kraj;16;1.4763779528
Míry plodnosti;2023;Jihomoravský kraj;17;3.8956639566
Míry plodnosti;2023;Jihomoravský kraj;18;7.2586090479
Míry plodnosti;2023;Jihomoravský kraj;19;11.452368558
Míry plodnosti;2023;Jihomoravský kraj;20;16.0295930949
Míry plodnosti;2023;Jihomoravský kraj;21;23.3845055337
Míry plodnosti;2023;Jihomoravský kraj;22;33.5718216841
Míry plodnosti;2023;Jihomoravský kraj;23;40.8316164076
Míry plodnosti;2023;Jihomoravský kraj;24;53.2786885246
Míry plodnosti;2023;Jihomoravský kraj;25;64.8882480173
Míry plodnosti;2023;Jihomoravský kraj;26;84.9707912905
Míry plodnosti;2023;Jihomoravský kraj;27;99.0806945863
Míry plodnosti;2023;Jihomoravský kraj;28;100.5552128316
Míry plodnosti;2023;Jihomoravský kraj;29;123.507616303
Míry plodnosti;2023;Jihomoravský kraj;30;117.3660426081
Míry plodnosti;2023;Jihomoravský kraj;31;106.6969353008
Míry plodnosti;2023;Jihomoravský kraj;32;111.3020002454
Míry plodnosti;2023;Jihomoravský kraj;33;97.208619001
Míry plodnosti;2023;Jihomoravský kraj;34;80.400192864
Míry plodnosti;2023;Jihomoravský kraj;35;69.2687627997
Míry plodnosti;2023;Jihomoravský kraj;36;61.0897743639
Míry plodnosti;2023;Jihomoravský kraj;37;45.3158018314
Míry plodnosti;2023;Jihomoravský kraj;38;36.4296591308
Míry plodnosti;2023;Jihomoravský kraj;39;31.9555401181
Míry plodnosti;2023;Jihomoravský kraj;40;20.2679491584
Míry plodnosti;2023;Jihomoravský kraj;41;12.7417519909
Míry plodnosti;2023;Jihomoravský kraj;42;6.878952624
Míry plodnosti;2023;Jihomoravský kraj;43;4.1941910454
Míry plodnosti;2023;Jihomoravský kraj;44;3.253024296
Míry plodnosti;2023;Jihomoravský kraj;45;1.5982419339
Míry plodnosti;2023;Jihomoravský kraj;46;0.6800738366
Míry plodnosti;2023;Jihomoravský kraj;47;0.8600095557
Míry plodnosti;2023;Jihomoravský kraj;48;0.1897353192
Míry plodnosti;2023;Jihomoravský kraj;49;0.5902606985
Míry plodnosti;2023;Olomoucký kraj;15;1.70794193
Míry plodnosti;2023;Olomoucký kraj;16;2.988643156
Míry plodnosti;2023;Olomoucký kraj;17;8.8945362135
Míry plodnosti;2023;Olomoucký kraj;18;10.1241018942
Míry plodnosti;2023;Olomoucký kraj;19;17.2185430464
Míry plodnosti;2023;Olomoucký kraj;20;23.1686541738
Míry plodnosti;2023;Olomoucký kraj;21;28.9355838787
Míry plodnosti;2023;Olomoucký kraj;22;43.9831104856
Míry plodnosti;2023;Olomoucký kraj;23;51.2729844413
Míry plodnosti;2023;Olomoucký kraj;24;66.0576247365
Míry plodnosti;2023;Olomoucký kraj;25;72.6570726571
Míry plodnosti;2023;Olomoucký kraj;26;96.3270963271
Míry plodnosti;2023;Olomoucký kraj;27;103.3434650456
Míry plodnosti;2023;Olomoucký kraj;28;110.625
Míry plodnosti;2023;Olomoucký kraj;29;116.3450624291
Míry plodnosti;2023;Olomoucký kraj;30;109.479305741
Míry plodnosti;2023;Olomoucký kraj;31;119.3717277487
Míry plodnosti;2023;Olomoucký kraj;32;107.207439938
Míry plodnosti;2023;Olomoucký kraj;33;95.9896507115
Míry plodnosti;2023;Olomoucký kraj;34;79.177377892
Míry plodnosti;2023;Olomoucký kraj;35;64.7865853659
Míry plodnosti;2023;Olomoucký kraj;36;49.5426829268
Míry plodnosti;2023;Olomoucký kraj;37;45.3846153846
Míry plodnosti;2023;Olomoucký kraj;38;33.3161157025
Míry plodnosti;2023;Olomoucký kraj;39;25.4793138244
Míry plodnosti;2023;Olomoucký kraj;40;20.3281900563
Míry plodnosti;2023;Olomoucký kraj;41;9.9928622413
Míry plodnosti;2023;Olomoucký kraj;42;10.1569713758
Míry plodnosti;2023;Olomoucký kraj;43;3.9361469495
Míry plodnosti;2023;Olomoucký kraj;44;1.6366612111
Míry plodnosti;2023;Olomoucký kraj;45;1.3738959764
Míry plodnosti;2023;Olomoucký kraj;46;0.7567158532
Míry plodnosti;2023;Olomoucký kraj;47;0.548245614
Míry plodnosti;2023;Olomoucký kraj;48;0.5406379528
Míry plodnosti;2023;Olomoucký kraj;49;0.1862197393
Míry plodnosti;2023;Zlínský kraj;15;0.0
Míry plodnosti;2023;Zlínský kraj;16;1.0281014393
Míry plodnosti;2023;Zlínský kraj;17;1.4000700035
Míry plodnosti;2023;Zlínský kraj;18;6.4724919094
Míry plodnosti;2023;Zlínský kraj;19;5.9925093633
Míry plodnosti;2023;Zlínský kraj;20;16.9427710843
Míry plodnosti;2023;Zlínský kraj;21;28.1899109792
Míry plodnosti;2023;Zlínský kraj;22;31.7340385342
Míry plodnosti;2023;Zlínský kraj;23;39.6341463415
Míry plodnosti;2023;Zlínský kraj;24;67.3185408048
Míry plodnosti;2023;Zlínský kraj;25;84.2674913027
Míry plodnosti;2023;Zlínský kraj;26;95.8798613785
Míry plodnosti;2023;Zlínský kraj;27;109.751575825
Míry plodnosti;2023;Zlínský kraj;28;108.1175647306
Míry plodnosti;2023;Zlínský kraj;29;113.4053367217
Míry plodnosti;2023;Zlínský kraj;30;136.8515205725
Míry plodnosti;2023;Zlínský kraj;31;108.2784302492
Míry plodnosti;2023;Zlínský kraj;32;107.4872376631
Míry plodnosti;2023;Zlínský kraj;33;96.7270601987
Míry plodnosti;2023;Zlínský kraj;34;82.8505214368
Míry plodnosti;2023;Zlínský kraj;35;75.2351097179
Míry plodnosti;2023;Zlínský kraj;36;57.8512396694
Míry plodnosti;2023;Zlínský kraj;37;46.5768799102
Míry plodnosti;2023;Zlínský kraj;38;36.2239297475
Míry plodnosti;2023;Zlínský kraj;39;29.8755186722
Míry plodnosti;2023;Zlínský kraj;40;19.257221458
Míry plodnosti;2023;Zlínský kraj;41;14.1787051899
Míry plodnosti;2023;Zlínský kraj;42;7.2557657424
Míry plodnosti;2023;Zlínský kraj;43;5.5421686747
Míry plodnosti;2023;Zlínský kraj;44;1.7953321364
Míry plodnosti;2023;Zlínský kraj;45;1.7222820237
Míry plodnosti;2023;Zlínský kraj;46;1.0530749789
Míry plodnosti;2023;Zlínský kraj;47;0.0
Míry plodnosti;2023;Zlínský kraj;48;0.4016064257
Míry plodnosti;2023;Zlínský kraj;49;0.0
Míry plodnosti;2023;Moravskoslezský kraj;15;1.0639914881
Míry plodnosti;2023;Moravskoslezský kraj;16;3.6398164266
Míry plodnosti;2023;Moravskoslezský kraj;17;7.3296684991
Míry plodnosti;2023;Moravskoslezský kraj;18;13.7457044674
Míry plodnosti;2023;Moravskoslezský kraj;19;19.3077056879
Míry plodnosti;2023;Moravskoslezský kraj;20;27.5549354726
Míry plodnosti;2023;Moravskoslezský kraj;21;27.992104791
Míry plodnosti;2023;Moravskoslezský kraj;22;39.1760161854
Míry plodnosti;2023;Moravskoslezský kraj;23;50.9624197984
Míry plodnosti;2023;Moravskoslezský kraj;24;58.2489146165
Míry plodnosti;2023;Moravskoslezský kraj;25;75.3560483144
Míry plodnosti;2023;Moravskoslezský kraj;26;91.1567096423
Míry plodnosti;2023;Moravskoslezský kraj;27;102.0517395183
Míry plodnosti;2023;Moravskoslezský kraj;28;108.5361787262
Míry plodnosti;2023;Moravskoslezský kraj;29;115.7136425034
Míry plodnosti;2023;Moravskoslezský kraj;30;110.0355871886
Míry plodnosti;2023;Moravskoslezský kraj;31;100.1651073198
Míry plodnosti;2023;Moravskoslezský kraj;32;93.0601454065
Míry plodnosti;2023;Moravskoslezský kraj;33;80.4397372302
Míry plodnosti;2023;Moravskoslezský kraj;34;76.1028921765
Míry plodnosti;2023;Moravskoslezský kraj;35;58.73734683
Míry plodnosti;2023;Moravskoslezský kraj;36;50.4642712959
Míry plodnosti;2023;Moravskoslezský kraj;37;43.032240874
Míry plodnosti;2023;Moravskoslezský kraj;38;34.4083119687
Míry plodnosti;2023;Moravskoslezský kraj;39;21.4649852428
Míry plodnosti;2023;Moravskoslezský kraj;40;18.2394924663
Míry plodnosti;2023;Moravskoslezský kraj;41;14.0487021675
Míry plodnosti;2023;Moravskoslezský kraj;42;8.0677159106
Míry plodnosti;2023;Moravskoslezský kraj;43;5.6681138447
Míry plodnosti;2023;Moravskoslezský kraj;44;2.2222222222
Míry plodnosti;2023;Moravskoslezský kraj;45;1.0810810811
Míry plodnosti;2023;Moravskoslezský kraj;46;0.8456659619
Míry plodnosti;2023;Moravskoslezský kraj;47;0.2069964811
Míry plodnosti;2023;Moravskoslezský kraj;48;0.099970009
Míry plodnosti;2023;Moravskoslezský kraj;49;0.1004217714
