Typ indexu,Ukazatel,Očištění,Území,CZ NACE,Roky,value
Meziroční index,Index produkce služeb - stálé ceny (%),"Sezónně očištěno, včetně očištění o kalendářní vlivy",Česko,"H,I,J,L,M_sts a N SLUŽBY CELKEM (bez CZ-NACE 701, 72 a 75)",2014,
Meziroční index,Index produkce služeb - stálé ceny (%),"Sezónně očištěno, včetně očištění o kalendářní vlivy",Česko,"H,I,J,L,M_sts a N SLUŽBY CELKEM (bez CZ-NACE 701, 72 a 75)",2015,
Meziroční index,Index produkce služeb - stálé ceny (%),"Sezónně očištěno, včetně očištění o kalendářní vlivy",Česko,"H,I,J,L,M_sts a N SLUŽBY CELKEM (bez CZ-NACE 701, 72 a 75)",2016,101.0974373103
Meziroční index,Index produkce služeb - stálé ceny (%),"Sezónně očištěno, včetně očištění o kalendářní vlivy",Česko,"H,I,J,L,M_sts a N SLUŽBY CELKEM (bez CZ-NACE 701, 72 a 75)",2017,104.0354300298
Meziroční index,Index produkce služeb - stálé ceny (%),"Sezónně očištěno, včetně očištění o kalendářní vlivy",Česko,"H,I,J,L,M_sts a N SLUŽBY CELKEM (bez CZ-NACE 701, 72 a 75)",2018,102.9933716417
Meziroční index,Index produkce služeb - stálé ceny (%),"Sezónně očištěno, včetně očištění o kalendářní vlivy",Česko,"H,I,J,L,M_sts a N SLUŽBY CELKEM (bez CZ-NACE 701, 72 a 75)",2019,101.224830992
Meziroční index,Index produkce služeb - stálé ceny (%),"Sezónně očištěno, včetně očištění o kalendářní vlivy",Česko,"H,I,J,L,M_sts a N SLUŽBY CELKEM (bez CZ-NACE 701, 72 a 75)",2020,90.2507377228
Meziroční index,Index produkce služeb - stálé ceny (%),"Sezónně očištěno, včetně očištění o kalendářní vlivy",Česko,"H,I,J,L,M_sts a N SLUŽBY CELKEM (bez CZ-NACE 701, 72 a 75)",2021,105.0803765811
Meziroční index,Index produkce služeb - stálé ceny (%),"Sezónně očištěno, včetně očištění o kalendářní vlivy",Česko,"H,I,J,L,M_sts a N SLUŽBY CELKEM (bez CZ-NACE 701, 72 a 75)",2022,107.0573208397
Meziroční index,Index produkce služeb - stálé ceny (%),"Sezónně očištěno, včetně očištění o kalendářní vlivy",Česko,"H,I,J,L,M_sts a N SLUŽBY CELKEM (bez CZ-NACE 701, 72 a 75)",2023,97.9025060859
Meziroční index,Index produkce služeb - stálé ceny (%),"Sezónně očištěno, včetně očištění o kalendářní vlivy",Česko,"H,I,J,L,M_sts a N SLUŽBY CELKEM (bez CZ-NACE 701, 72 a 75)",2024,101.6198288811
Meziroční index,Index produkce služeb - stálé ceny (%),"Sezónně očištěno, včetně očištění o kalendářní vlivy",Česko,49 až 53 Sekce H - DOPRAVA A SKLADOVÁNÍ,2014,
Meziroční index,Index produkce služeb - stálé ceny (%),"Sezónně očištěno, včetně očištění o kalendářní vlivy",Česko,49 až 53 Sekce H - DOPRAVA A SKLADOVÁNÍ,2015,101.5870201632
Meziroční index,Index produkce služeb - stálé ceny (%),"Sezónně očištěno, včetně očištění o kalendářní vlivy",Česko,49 až 53 Sekce H - DOPRAVA A SKLADOVÁNÍ,2016,100.3389151883
Meziroční index,Index produkce služeb - stálé ceny (%),"Sezónně očištěno, včetně očištění o kalendářní vlivy",Česko,49 až 53 Sekce H - DOPRAVA A SKLADOVÁNÍ,2017,102.3855989981
Meziroční index,Index produkce služeb - stálé ceny (%),"Sezónně očištěno, včetně očištění o kalendářní vlivy",Česko,49 až 53 Sekce H - DOPRAVA A SKLADOVÁNÍ,2018,102.770977639
Meziroční index,Index produkce služeb - stálé ceny (%),"Sezónně očištěno, včetně očištění o kalendářní vlivy",Česko,49 až 53 Sekce H - DOPRAVA A SKLADOVÁNÍ,2019,99.6720900189
Meziroční index,Index produkce služeb - stálé ceny (%),"Sezónně očištěno, včetně očištění o kalendářní vlivy",Česko,49 až 53 Sekce H - DOPRAVA A SKLADOVÁNÍ,2020,84.0451016144
Meziroční index,Index produkce služeb - stálé ceny (%),"Sezónně očištěno, včetně očištění o kalendářní vlivy",Česko,49 až 53 Sekce H - DOPRAVA A SKLADOVÁNÍ,2021,108.1749468185
Meziroční index,Index produkce služeb - stálé ceny (%),"Sezónně očištěno, včetně očištění o kalendářní vlivy",Česko,49 až 53 Sekce H - DOPRAVA A SKLADOVÁNÍ,2022,110.3483974706
Meziroční index,Index produkce služeb - stálé ceny (%),"Sezónně očištěno, včetně očištění o kalendářní vlivy",Česko,49 až 53 Sekce H - DOPRAVA A SKLADOVÁNÍ,2023,92.9098568646
Meziroční index,Index produkce služeb - stálé ceny (%),"Sezónně očištěno, včetně očištění o kalendářní vlivy",Česko,49 až 53 Sekce H - DOPRAVA A SKLADOVÁNÍ,2024,102.698950225
Meziroční index,Index produkce služeb - stálé ceny (%),"Sezónně očištěno, včetně očištění o kalendářní vlivy",Česko,49 Pozemní a potrubní doprava,2014,
Meziroční index,Index produkce služeb - stálé ceny (%),"Sezónně očištěno, včetně očištění o kalendářní vlivy",Česko,49 Pozemní a potrubní doprava,2015,103.7810377997
Meziroční index,Index produkce služeb - stálé ceny (%),"Sezónně očištěno, včetně očištění o kalendářní vlivy",Česko,49 Pozemní a potrubní doprava,2016,100.0932084533
Meziroční index,Index produkce služeb - stálé ceny (%),"Sezónně očištěno, včetně očištění o kalendářní vlivy",Česko,49 Pozemní a potrubní doprava,2017,101.7392427044
Meziroční index,Index produkce služeb - stálé ceny (%),"Sezónně očištěno, včetně očištění o kalendářní vlivy",Česko,49 Pozemní a potrubní doprava,2018,103.0243002433
Meziroční index,Index produkce služeb - stálé ceny (%),"Sezónně očištěno, včetně očištění o kalendářní vlivy",Česko,49 Pozemní a potrubní doprava,2019,99.8487385574
Meziroční index,Index produkce služeb - stálé ceny (%),"Sezónně očištěno, včetně očištění o kalendářní vlivy",Česko,49 Pozemní a potrubní doprava,2020,82.6650534458
Meziroční index,Index produkce služeb - stálé ceny (%),"Sezónně očištěno, včetně očištění o kalendářní vlivy",Česko,49 Pozemní a potrubní doprava,2021,105.9594854409
Meziroční index,Index produkce služeb - stálé ceny (%),"Sezónně očištěno, včetně očištění o kalendářní vlivy",Česko,49 Pozemní a potrubní doprava,2022,110.693894776
Meziroční index,Index produkce služeb - stálé ceny (%),"Sezónně očištěno, včetně očištění o kalendářní vlivy",Česko,49 Pozemní a potrubní doprava,2023,91.9729591677
Meziroční index,Index produkce služeb - stálé ceny (%),"Sezónně očištěno, včetně očištění o kalendářní vlivy",Česko,49 Pozemní a potrubní doprava,2024,101.6662852606
Meziroční index,Index produkce služeb - stálé ceny (%),"Sezónně očištěno, včetně očištění o kalendářní vlivy",Česko,50 Vodní doprava,2014,
Meziroční index,Index produkce služeb - stálé ceny (%),"Sezónně očištěno, včetně očištění o kalendářní vlivy",Česko,50 Vodní doprava,2015,95.4588336221
Meziroční index,Index produkce služeb - stálé ceny (%),"Sezónně očištěno, včetně očištění o kalendářní vlivy",Česko,50 Vodní doprava,2016,101.2506429908
Meziroční index,Index produkce služeb - stálé ceny (%),"Sezónně očištěno, včetně očištění o kalendářní vlivy",Česko,50 Vodní doprava,2017,100.808797482
Meziroční index,Index produkce služeb - stálé ceny (%),"Sezónně očištěno, včetně očištění o kalendářní vlivy",Česko,50 Vodní doprava,2018,115.4005884942
Meziroční index,Index produkce služeb - stálé ceny (%),"Sezónně očištěno, včetně očištění o kalendářní vlivy",Česko,50 Vodní doprava,2019,106.3479348003
Meziroční index,Index produkce služeb - stálé ceny (%),"Sezónně očištěno, včetně očištění o kalendářní vlivy",Česko,50 Vodní doprava,2020,64.5078757719
Meziroční index,Index produkce služeb - stálé ceny (%),"Sezónně očištěno, včetně očištění o kalendářní vlivy",Česko,50 Vodní doprava,2021,97.335553069
Meziroční index,Index produkce služeb - stálé ceny (%),"Sezónně očištěno, včetně očištění o kalendářní vlivy",Česko,50 Vodní doprava,2022,127.9779718026
Meziroční index,Index produkce služeb - stálé ceny (%),"Sezónně očištěno, včetně očištění o kalendářní vlivy",Česko,50 Vodní doprava,2023,104.9886384939
Meziroční index,Index produkce služeb - stálé ceny (%),"Sezónně očištěno, včetně očištění o kalendářní vlivy",Česko,50 Vodní doprava,2024,99.3028814776
Meziroční index,Index produkce služeb - stálé ceny (%),"Sezónně očištěno, včetně očištění o kalendářní vlivy",Česko,51 Letecká doprava,2014,
Meziroční index,Index produkce služeb - stálé ceny (%),"Sezónně očištěno, včetně očištění o kalendářní vlivy",Česko,51 Letecká doprava,2015,93.6343063455
Meziroční index,Index produkce služeb - stálé ceny (%),"Sezónně očištěno, včetně očištění o kalendářní vlivy",Česko,51 Letecká doprava,2016,100.4611772563
Meziroční index,Index produkce služeb - stálé ceny (%),"Sezónně očištěno, včetně očištění o kalendářní vlivy",Česko,51 Letecká doprava,2017,108.4925087173
Meziroční index,Index produkce služeb - stálé ceny (%),"Sezónně očištěno, včetně očištění o kalendářní vlivy",Česko,51 Letecká doprava,2018,104.074345699
Meziroční index,Index produkce služeb - stálé ceny (%),"Sezónně očištěno, včetně očištění o kalendářní vlivy",Česko,51 Letecká doprava,2019,95.0391338688
Meziroční index,Index produkce služeb - stálé ceny (%),"Sezónně očištěno, včetně očištění o kalendářní vlivy",Česko,51 Letecká doprava,2020,34.1304781825
Meziroční index,Index produkce služeb - stálé ceny (%),"Sezónně očištěno, včetně očištění o kalendářní vlivy",Česko,51 Letecká doprava,2021,109.2032558963
Meziroční index,Index produkce služeb - stálé ceny (%),"Sezónně očištěno, včetně očištění o kalendářní vlivy",Česko,51 Letecká doprava,2022,181.8630695242
Meziroční index,Index produkce služeb - stálé ceny (%),"Sezónně očištěno, včetně očištění o kalendářní vlivy",Česko,51 Letecká doprava,2023,111.3694181445
Meziroční index,Index produkce služeb - stálé ceny (%),"Sezónně očištěno, včetně očištění o kalendářní vlivy",Česko,51 Letecká doprava,2024,117.4049518578
Meziroční index,Index produkce služeb - stálé ceny (%),"Sezónně očištěno, včetně očištění o kalendářní vlivy",Česko,52 Skladování a vedlejší činnosti v dopravě,2014,
Meziroční index,Index produkce služeb - stálé ceny (%),"Sezónně očištěno, včetně očištění o kalendářní vlivy",Česko,52 Skladování a vedlejší činnosti v dopravě,2015,99.1864097866
Meziroční index,Index produkce služeb - stálé ceny (%),"Sezónně očištěno, včetně očištění o kalendářní vlivy",Česko,52 Skladování a vedlejší činnosti v dopravě,2016,103.197775574
Meziroční index,Index produkce služeb - stálé ceny (%),"Sezónně očištěno, včetně očištění o kalendářní vlivy",Česko,52 Skladování a vedlejší činnosti v dopravě,2017,106.201537064
Meziroční index,Index produkce služeb - stálé ceny (%),"Sezónně očištěno, včetně očištění o kalendářní vlivy",Česko,52 Skladování a vedlejší činnosti v dopravě,2018,105.6274640232
Meziroční index,Index produkce služeb - stálé ceny (%),"Sezónně očištěno, včetně očištění o kalendářní vlivy",Česko,52 Skladování a vedlejší činnosti v dopravě,2019,98.3661962962
Meziroční index,Index produkce služeb - stálé ceny (%),"Sezónně očištěno, včetně očištění o kalendářní vlivy",Česko,52 Skladování a vedlejší činnosti v dopravě,2020,89.3146089323
Meziroční index,Index produkce služeb - stálé ceny (%),"Sezónně očištěno, včetně očištění o kalendářní vlivy",Česko,52 Skladování a vedlejší činnosti v dopravě,2021,117.2205648171
Meziroční index,Index produkce služeb - stálé ceny (%),"Sezónně očištěno, včetně očištění o kalendářní vlivy",Česko,52 Skladování a vedlejší činnosti v dopravě,2022,111.9185665252
Meziroční index,Index produkce služeb - stálé ceny (%),"Sezónně očištěno, včetně očištění o kalendářní vlivy",Česko,52 Skladování a vedlejší činnosti v dopravě,2023,93.652981464
Meziroční index,Index produkce služeb - stálé ceny (%),"Sezónně očištěno, včetně očištění o kalendářní vlivy",Česko,52 Skladování a vedlejší činnosti v dopravě,2024,106.3517181133
Meziroční index,Index produkce služeb - stálé ceny (%),"Sezónně očištěno, včetně očištění o kalendářní vlivy",Česko,53 Poštovní a kurýrní činnosti,2014,
Meziroční index,Index produkce služeb - stálé ceny (%),"Sezónně očištěno, včetně očištění o kalendářní vlivy",Česko,53 Poštovní a kurýrní činnosti,2015,94.33277911
Meziroční index,Index produkce služeb - stálé ceny (%),"Sezónně očištěno, včetně očištění o kalendářní vlivy",Česko,53 Poštovní a kurýrní činnosti,2016,96.1858629016
Meziroční index,Index produkce služeb - stálé ceny (%),"Sezónně očištěno, včetně očištění o kalendářní vlivy",Česko,53 Poštovní a kurýrní činnosti,2017,96.7969287238
Meziroční index,Index produkce služeb - stálé ceny (%),"Sezónně očištěno, včetně očištění o kalendářní vlivy",Česko,53 Poštovní a kurýrní činnosti,2018,93.0138745623
Meziroční index,Index produkce služeb - stálé ceny (%),"Sezónně očištěno, včetně očištění o kalendářní vlivy",Česko,53 Poštovní a kurýrní činnosti,2019,103.5613982566
Meziroční index,Index produkce služeb - stálé ceny (%),"Sezónně očištěno, včetně očištění o kalendářní vlivy",Česko,53 Poštovní a kurýrní činnosti,2020,102.5917974819
Meziroční index,Index produkce služeb - stálé ceny (%),"Sezónně očištěno, včetně očištění o kalendářní vlivy",Česko,53 Poštovní a kurýrní činnosti,2021,102.9459094988
Meziroční index,Index produkce služeb - stálé ceny (%),"Sezónně očištěno, včetně očištění o kalendářní vlivy",Česko,53 Poštovní a kurýrní činnosti,2022,93.4229997291
Meziroční index,Index produkce služeb - stálé ceny (%),"Sezónně očištěno, včetně očištění o kalendářní vlivy",Česko,53 Poštovní a kurýrní činnosti,2023,93.2279721002
Meziroční index,Index produkce služeb - stálé ceny (%),"Sezónně očištěno, včetně očištění o kalendářní vlivy",Česko,53 Poštovní a kurýrní činnosti,2024,95.1483870043
Meziroční index,Index produkce služeb - stálé ceny (%),"Sezónně očištěno, včetně očištění o kalendářní vlivy",Česko,"55 a 56 Sekce I - UBYTOVÁNÍ, STRAVOVÁNÍ A POHOSTINSTVÍ",2014,
Meziroční index,Index produkce služeb - stálé ceny (%),"Sezónně očištěno, včetně očištění o kalendářní vlivy",Česko,"55 a 56 Sekce I - UBYTOVÁNÍ, STRAVOVÁNÍ A POHOSTINSTVÍ",2015,105.4430455036
Meziroční index,Index produkce služeb - stálé ceny (%),"Sezónně očištěno, včetně očištění o kalendářní vlivy",Česko,"55 a 56 Sekce I - UBYTOVÁNÍ, STRAVOVÁNÍ A POHOSTINSTVÍ",2016,105.8984998367
Meziroční index,Index produkce služeb - stálé ceny (%),"Sezónně očištěno, včetně očištění o kalendářní vlivy",Česko,"55 a 56 Sekce I - UBYTOVÁNÍ, STRAVOVÁNÍ A POHOSTINSTVÍ",2017,109.3933767566
Meziroční index,Index produkce služeb - stálé ceny (%),"Sezónně očištěno, včetně očištění o kalendářní vlivy",Česko,"55 a 56 Sekce I - UBYTOVÁNÍ, STRAVOVÁNÍ A POHOSTINSTVÍ",2018,100.2196783713
Meziroční index,Index produkce služeb - stálé ceny (%),"Sezónně očištěno, včetně očištění o kalendářní vlivy",Česko,"55 a 56 Sekce I - UBYTOVÁNÍ, STRAVOVÁNÍ A POHOSTINSTVÍ",2019,100.0260130336
Meziroční index,Index produkce služeb - stálé ceny (%),"Sezónně očištěno, včetně očištění o kalendářní vlivy",Česko,"55 a 56 Sekce I - UBYTOVÁNÍ, STRAVOVÁNÍ A POHOSTINSTVÍ",2020,61.4036364443
Meziroční index,Index produkce služeb - stálé ceny (%),"Sezónně očištěno, včetně očištění o kalendářní vlivy",Česko,"55 a 56 Sekce I - UBYTOVÁNÍ, STRAVOVÁNÍ A POHOSTINSTVÍ",2021,102.6795991004
Meziroční index,Index produkce služeb - stálé ceny (%),"Sezónně očištěno, včetně očištění o kalendářní vlivy",Česko,"55 a 56 Sekce I - UBYTOVÁNÍ, STRAVOVÁNÍ A POHOSTINSTVÍ",2022,128.0931020569
Meziroční index,Index produkce služeb - stálé ceny (%),"Sezónně očištěno, včetně očištění o kalendářní vlivy",Česko,"55 a 56 Sekce I - UBYTOVÁNÍ, STRAVOVÁNÍ A POHOSTINSTVÍ",2023,103.3502753321
Meziroční index,Index produkce služeb - stálé ceny (%),"Sezónně očištěno, včetně očištění o kalendářní vlivy",Česko,"55 a 56 Sekce I - UBYTOVÁNÍ, STRAVOVÁNÍ A POHOSTINSTVÍ",2024,100.8069143494
Meziroční index,Index produkce služeb - stálé ceny (%),"Sezónně očištěno, včetně očištění o kalendářní vlivy",Česko,55 Ubytování,2014,
Meziroční index,Index produkce služeb - stálé ceny (%),"Sezónně očištěno, včetně očištění o kalendářní vlivy",Česko,55 Ubytování,2015,106.4683285421
Meziroční index,Index produkce služeb - stálé ceny (%),"Sezónně očištěno, včetně očištění o kalendářní vlivy",Česko,55 Ubytování,2016,104.9395725593
Meziroční index,Index produkce služeb - stálé ceny (%),"Sezónně očištěno, včetně očištění o kalendářní vlivy",Česko,55 Ubytování,2017,107.3579299835
Meziroční index,Index produkce služeb - stálé ceny (%),"Sezónně očištěno, včetně očištění o kalendářní vlivy",Česko,55 Ubytování,2018,97.1905443599
Meziroční index,Index produkce služeb - stálé ceny (%),"Sezónně očištěno, včetně očištění o kalendářní vlivy",Česko,55 Ubytování,2019,96.8232291338
Meziroční index,Index produkce služeb - stálé ceny (%),"Sezónně očištěno, včetně očištění o kalendářní vlivy",Česko,55 Ubytování,2020,47.0857788341
Meziroční index,Index produkce služeb - stálé ceny (%),"Sezónně očištěno, včetně očištění o kalendářní vlivy",Česko,55 Ubytování,2021,98.6510817618
Meziroční index,Index produkce služeb - stálé ceny (%),"Sezónně očištěno, včetně očištění o kalendářní vlivy",Česko,55 Ubytování,2022,151.4553125879
Meziroční index,Index produkce služeb - stálé ceny (%),"Sezónně očištěno, včetně očištění o kalendářní vlivy",Česko,55 Ubytování,2023,106.0084602039
Meziroční index,Index produkce služeb - stálé ceny (%),"Sezónně očištěno, včetně očištění o kalendářní vlivy",Česko,55 Ubytování,2024,98.4479969101
Meziroční index,Index produkce služeb - stálé ceny (%),"Sezónně očištěno, včetně očištění o kalendářní vlivy",Česko,56 Stravování a pohostinství,2014,
Meziroční index,Index produkce služeb - stálé ceny (%),"Sezónně očištěno, včetně očištění o kalendářní vlivy",Česko,56 Stravování a pohostinství,2015,105.0168174308
Meziroční index,Index produkce služeb - stálé ceny (%),"Sezónně očištěno, včetně očištění o kalendářní vlivy",Česko,56 Stravování a pohostinství,2016,106.3026525816
Meziroční index,Index produkce služeb - stálé ceny (%),"Sezónně očištěno, včetně očištění o kalendářní vlivy",Česko,56 Stravování a pohostinství,2017,110.2402429596
Meziroční index,Index produkce služeb - stálé ceny (%),"Sezónně očištěno, včetně očištění o kalendářní vlivy",Česko,56 Stravování a pohostinství,2018,101.4470257643
Meziroční index,Index produkce služeb - stálé ceny (%),"Sezónně očištěno, včetně očištění o kalendářní vlivy",Česko,56 Stravování a pohostinství,2019,101.269271284
Meziroční index,Index produkce služeb - stálé ceny (%),"Sezónně očištěno, včetně očištění o kalendářní vlivy",Česko,56 Stravování a pohostinství,2020,66.7175395392
Meziroční index,Index produkce služeb - stálé ceny (%),"Sezónně očištěno, včetně očištění o kalendářní vlivy",Česko,56 Stravování a pohostinství,2021,103.7347888555
Meziroční index,Index produkce služeb - stálé ceny (%),"Sezónně očištěno, včetně očištění o kalendářní vlivy",Česko,56 Stravování a pohostinství,2022,122.2737224749
Meziroční index,Index produkce služeb - stálé ceny (%),"Sezónně očištěno, včetně očištění o kalendářní vlivy",Česko,56 Stravování a pohostinství,2023,102.5301139557
Meziroční index,Index produkce služeb - stálé ceny (%),"Sezónně očištěno, včetně očištění o kalendářní vlivy",Česko,56 Stravování a pohostinství,2024,101.5594307301
Meziroční index,Index produkce služeb - stálé ceny (%),"Sezónně očištěno, včetně očištění o kalendářní vlivy",Česko,58 až 63 Sekce J - INFORMAČNÍ A KOMUNIKAČNÍ ČINNOSTI,2014,
Meziroční index,Index produkce služeb - stálé ceny (%),"Sezónně očištěno, včetně očištění o kalendářní vlivy",Česko,58 až 63 Sekce J - INFORMAČNÍ A KOMUNIKAČNÍ ČINNOSTI,2015,106.0274693269
Meziroční index,Index produkce služeb - stálé ceny (%),"Sezónně očištěno, včetně očištění o kalendářní vlivy",Česko,58 až 63 Sekce J - INFORMAČNÍ A KOMUNIKAČNÍ ČINNOSTI,2016,101.2639530466
Meziroční index,Index produkce služeb - stálé ceny (%),"Sezónně očištěno, včetně očištění o kalendářní vlivy",Česko,58 až 63 Sekce J - INFORMAČNÍ A KOMUNIKAČNÍ ČINNOSTI,2017,105.127182498
Meziroční index,Index produkce služeb - stálé ceny (%),"Sezónně očištěno, včetně očištění o kalendářní vlivy",Česko,58 až 63 Sekce J - INFORMAČNÍ A KOMUNIKAČNÍ ČINNOSTI,2018,106.7218317928
Meziroční index,Index produkce služeb - stálé ceny (%),"Sezónně očištěno, včetně očištění o kalendářní vlivy",Česko,58 až 63 Sekce J - INFORMAČNÍ A KOMUNIKAČNÍ ČINNOSTI,2019,106.9852046699
Meziroční index,Index produkce služeb - stálé ceny (%),"Sezónně očištěno, včetně očištění o kalendářní vlivy",Česko,58 až 63 Sekce J - INFORMAČNÍ A KOMUNIKAČNÍ ČINNOSTI,2020,101.2480671868
Meziroční index,Index produkce služeb - stálé ceny (%),"Sezónně očištěno, včetně očištění o kalendářní vlivy",Česko,58 až 63 Sekce J - INFORMAČNÍ A KOMUNIKAČNÍ ČINNOSTI,2021,105.5628958545
Meziroční index,Index produkce služeb - stálé ceny (%),"Sezónně očištěno, včetně očištění o kalendářní vlivy",Česko,58 až 63 Sekce J - INFORMAČNÍ A KOMUNIKAČNÍ ČINNOSTI,2022,104.2261985499
Meziroční index,Index produkce služeb - stálé ceny (%),"Sezónně očištěno, včetně očištění o kalendářní vlivy",Česko,58 až 63 Sekce J - INFORMAČNÍ A KOMUNIKAČNÍ ČINNOSTI,2023,98.8850163606
Meziroční index,Index produkce služeb - stálé ceny (%),"Sezónně očištěno, včetně očištění o kalendářní vlivy",Česko,58 až 63 Sekce J - INFORMAČNÍ A KOMUNIKAČNÍ ČINNOSTI,2024,102.7776907908
Meziroční index,Index produkce služeb - stálé ceny (%),"Sezónně očištěno, včetně očištění o kalendářní vlivy",Česko,58 Vydavatelské činnosti,2014,
Meziroční index,Index produkce služeb - stálé ceny (%),"Sezónně očištěno, včetně očištění o kalendářní vlivy",Česko,58 Vydavatelské činnosti,2015,102.6086247722
Meziroční index,Index produkce služeb - stálé ceny (%),"Sezónně očištěno, včetně očištění o kalendářní vlivy",Česko,58 Vydavatelské činnosti,2016,102.1451224864
Meziroční index,Index produkce služeb - stálé ceny (%),"Sezónně očištěno, včetně očištění o kalendářní vlivy",Česko,58 Vydavatelské činnosti,2017,104.0685674628
Meziroční index,Index produkce služeb - stálé ceny (%),"Sezónně očištěno, včetně očištění o kalendářní vlivy",Česko,58 Vydavatelské činnosti,2018,110.5685270622
Meziroční index,Index produkce služeb - stálé ceny (%),"Sezónně očištěno, včetně očištění o kalendářní vlivy",Česko,58 Vydavatelské činnosti,2019,115.1851148459
Meziroční index,Index produkce služeb - stálé ceny (%),"Sezónně očištěno, včetně očištění o kalendářní vlivy",Česko,58 Vydavatelské činnosti,2020,103.9925258985
Meziroční index,Index produkce služeb - stálé ceny (%),"Sezónně očištěno, včetně očištění o kalendářní vlivy",Česko,58 Vydavatelské činnosti,2021,104.3371000856
Meziroční index,Index produkce služeb - stálé ceny (%),"Sezónně očištěno, včetně očištění o kalendářní vlivy",Česko,58 Vydavatelské činnosti,2022,101.6330648121
Meziroční index,Index produkce služeb - stálé ceny (%),"Sezónně očištěno, včetně očištění o kalendářní vlivy",Česko,58 Vydavatelské činnosti,2023,95.035719869
Meziroční index,Index produkce služeb - stálé ceny (%),"Sezónně očištěno, včetně očištění o kalendářní vlivy",Česko,58 Vydavatelské činnosti,2024,100.7185685365
Meziroční index,Index produkce služeb - stálé ceny (%),"Sezónně očištěno, včetně očištění o kalendářní vlivy",Česko,"59 Činnosti v oblasti filmů, videozáznamů a televizních programů, pořizování zvukových nahrávek a hudební vydavatelské činnosti",2014,
Meziroční index,Index produkce služeb - stálé ceny (%),"Sezónně očištěno, včetně očištění o kalendářní vlivy",Česko,"59 Činnosti v oblasti filmů, videozáznamů a televizních programů, pořizování zvukových nahrávek a hudební vydavatelské činnosti",2015,96.5163905887
Meziroční index,Index produkce služeb - stálé ceny (%),"Sezónně očištěno, včetně očištění o kalendářní vlivy",Česko,"59 Činnosti v oblasti filmů, videozáznamů a televizních programů, pořizování zvukových nahrávek a hudební vydavatelské činnosti",2016,101.7369174609
Meziroční index,Index produkce služeb - stálé ceny (%),"Sezónně očištěno, včetně očištění o kalendářní vlivy",Česko,"59 Činnosti v oblasti filmů, videozáznamů a televizních programů, pořizování zvukových nahrávek a hudební vydavatelské činnosti",2017,85.8065250067
Meziroční index,Index produkce služeb - stálé ceny (%),"Sezónně očištěno, včetně očištění o kalendářní vlivy",Česko,"59 Činnosti v oblasti filmů, videozáznamů a televizních programů, pořizování zvukových nahrávek a hudební vydavatelské činnosti",2018,98.2602799036
Meziroční index,Index produkce služeb - stálé ceny (%),"Sezónně očištěno, včetně očištění o kalendářní vlivy",Česko,"59 Činnosti v oblasti filmů, videozáznamů a televizních programů, pořizování zvukových nahrávek a hudební vydavatelské činnosti",2019,98.1691907679
Meziroční index,Index produkce služeb - stálé ceny (%),"Sezónně očištěno, včetně očištění o kalendářní vlivy",Česko,"59 Činnosti v oblasti filmů, videozáznamů a televizních programů, pořizování zvukových nahrávek a hudební vydavatelské činnosti",2020,63.9601291892
Meziroční index,Index produkce služeb - stálé ceny (%),"Sezónně očištěno, včetně očištění o kalendářní vlivy",Česko,"59 Činnosti v oblasti filmů, videozáznamů a televizních programů, pořizování zvukových nahrávek a hudební vydavatelské činnosti",2021,139.241232572
Meziroční index,Index produkce služeb - stálé ceny (%),"Sezónně očištěno, včetně očištění o kalendářní vlivy",Česko,"59 Činnosti v oblasti filmů, videozáznamů a televizních programů, pořizování zvukových nahrávek a hudební vydavatelské činnosti",2022,111.2274643097
Meziroční index,Index produkce služeb - stálé ceny (%),"Sezónně očištěno, včetně očištění o kalendářní vlivy",Česko,"59 Činnosti v oblasti filmů, videozáznamů a televizních programů, pořizování zvukových nahrávek a hudební vydavatelské činnosti",2023,88.0968688479
Meziroční index,Index produkce služeb - stálé ceny (%),"Sezónně očištěno, včetně očištění o kalendářní vlivy",Česko,"59 Činnosti v oblasti filmů, videozáznamů a televizních programů, pořizování zvukových nahrávek a hudební vydavatelské činnosti",2024,79.7818180047
Meziroční index,Index produkce služeb - stálé ceny (%),"Sezónně očištěno, včetně očištění o kalendářní vlivy",Česko,60 Tvorba programů a vysílání,2014,
Meziroční index,Index produkce služeb - stálé ceny (%),"Sezónně očištěno, včetně očištění o kalendářní vlivy",Česko,60 Tvorba programů a vysílání,2015,105.7607850631
Meziroční index,Index produkce služeb - stálé ceny (%),"Sezónně očištěno, včetně očištění o kalendářní vlivy",Česko,60 Tvorba programů a vysílání,2016,104.1167049129
Meziroční index,Index produkce služeb - stálé ceny (%),"Sezónně očištěno, včetně očištění o kalendářní vlivy",Česko,60 Tvorba programů a vysílání,2017,98.4888796066
Meziroční index,Index produkce služeb - stálé ceny (%),"Sezónně očištěno, včetně očištění o kalendářní vlivy",Česko,60 Tvorba programů a vysílání,2018,101.900434175
Meziroční index,Index produkce služeb - stálé ceny (%),"Sezónně očištěno, včetně očištění o kalendářní vlivy",Česko,60 Tvorba programů a vysílání,2019,104.801334659
Meziroční index,Index produkce služeb - stálé ceny (%),"Sezónně očištěno, včetně očištění o kalendářní vlivy",Česko,60 Tvorba programů a vysílání,2020,104.1326610302
Meziroční index,Index produkce služeb - stálé ceny (%),"Sezónně očištěno, včetně očištění o kalendářní vlivy",Česko,60 Tvorba programů a vysílání,2021,104.6806001063
Meziroční index,Index produkce služeb - stálé ceny (%),"Sezónně očištěno, včetně očištění o kalendářní vlivy",Česko,60 Tvorba programů a vysílání,2022,97.4834175163
Meziroční index,Index produkce služeb - stálé ceny (%),"Sezónně očištěno, včetně očištění o kalendářní vlivy",Česko,60 Tvorba programů a vysílání,2023,103.4044567349
Meziroční index,Index produkce služeb - stálé ceny (%),"Sezónně očištěno, včetně očištění o kalendářní vlivy",Česko,60 Tvorba programů a vysílání,2024,104.7451173939
Meziroční index,Index produkce služeb - stálé ceny (%),"Sezónně očištěno, včetně očištění o kalendářní vlivy",Česko,61 Telekomunikační činnosti,2014,
Meziroční index,Index produkce služeb - stálé ceny (%),"Sezónně očištěno, včetně očištění o kalendářní vlivy",Česko,61 Telekomunikační činnosti,2015,103.3018530916
Meziroční index,Index produkce služeb - stálé ceny (%),"Sezónně očištěno, včetně očištění o kalendářní vlivy",Česko,61 Telekomunikační činnosti,2016,102.517907947
Meziroční index,Index produkce služeb - stálé ceny (%),"Sezónně očištěno, včetně očištění o kalendářní vlivy",Česko,61 Telekomunikační činnosti,2017,103.0575885681
Meziroční index,Index produkce služeb - stálé ceny (%),"Sezónně očištěno, včetně očištění o kalendářní vlivy",Česko,61 Telekomunikační činnosti,2018,102.322391624
Meziroční index,Index produkce služeb - stálé ceny (%),"Sezónně očištěno, včetně očištění o kalendářní vlivy",Česko,61 Telekomunikační činnosti,2019,104.6827099986
Meziroční index,Index produkce služeb - stálé ceny (%),"Sezónně očištěno, včetně očištění o kalendářní vlivy",Česko,61 Telekomunikační činnosti,2020,104.4199580197
Meziroční index,Index produkce služeb - stálé ceny (%),"Sezónně očištěno, včetně očištění o kalendářní vlivy",Česko,61 Telekomunikační činnosti,2021,103.870161587
Meziroční index,Index produkce služeb - stálé ceny (%),"Sezónně očištěno, včetně očištění o kalendářní vlivy",Česko,61 Telekomunikační činnosti,2022,102.9734148239
Meziroční index,Index produkce služeb - stálé ceny (%),"Sezónně očištěno, včetně očištění o kalendářní vlivy",Česko,61 Telekomunikační činnosti,2023,101.0915471149
Meziroční index,Index produkce služeb - stálé ceny (%),"Sezónně očištěno, včetně očištění o kalendářní vlivy",Česko,61 Telekomunikační činnosti,2024,102.3719453823
Meziroční index,Index produkce služeb - stálé ceny (%),"Sezónně očištěno, včetně očištění o kalendářní vlivy",Česko,62 Činnosti v oblasti informačních technologií,2014,
Meziroční index,Index produkce služeb - stálé ceny (%),"Sezónně očištěno, včetně očištění o kalendářní vlivy",Česko,62 Činnosti v oblasti informačních technologií,2015,107.5195417506
Meziroční index,Index produkce služeb - stálé ceny (%),"Sezónně očištěno, včetně očištění o kalendářní vlivy",Česko,62 Činnosti v oblasti informačních technologií,2016,99.1979352303
Meziroční index,Index produkce služeb - stálé ceny (%),"Sezónně očištěno, včetně očištění o kalendářní vlivy",Česko,62 Činnosti v oblasti informačních technologií,2017,106.9871629604
Meziroční index,Index produkce služeb - stálé ceny (%),"Sezónně očištěno, včetně očištění o kalendářní vlivy",Česko,62 Činnosti v oblasti informačních technologií,2018,107.9704189086
Meziroční index,Index produkce služeb - stálé ceny (%),"Sezónně očištěno, včetně očištění o kalendářní vlivy",Česko,62 Činnosti v oblasti informačních technologií,2019,106.1787181289
Meziroční index,Index produkce služeb - stálé ceny (%),"Sezónně očištěno, včetně očištění o kalendářní vlivy",Česko,62 Činnosti v oblasti informačních technologií,2020,99.1967417294
Meziroční index,Index produkce služeb - stálé ceny (%),"Sezónně očištěno, včetně očištění o kalendářní vlivy",Česko,62 Činnosti v oblasti informačních technologií,2021,105.8646461242
Meziroční index,Index produkce služeb - stálé ceny (%),"Sezónně očištěno, včetně očištění o kalendářní vlivy",Česko,62 Činnosti v oblasti informačních technologií,2022,106.5556227336
Meziroční index,Index produkce služeb - stálé ceny (%),"Sezónně očištěno, včetně očištění o kalendářní vlivy",Česko,62 Činnosti v oblasti informačních technologií,2023,99.7813784001
Meziroční index,Index produkce služeb - stálé ceny (%),"Sezónně očištěno, včetně očištění o kalendářní vlivy",Česko,62 Činnosti v oblasti informačních technologií,2024,104.2862672582
Meziroční index,Index produkce služeb - stálé ceny (%),"Sezónně očištěno, včetně očištění o kalendářní vlivy",Česko,63 Informační činnosti,2014,
Meziroční index,Index produkce služeb - stálé ceny (%),"Sezónně očištěno, včetně očištění o kalendářní vlivy",Česko,63 Informační činnosti,2015,113.4363034518
Meziroční index,Index produkce služeb - stálé ceny (%),"Sezónně očištěno, včetně očištění o kalendářní vlivy",Česko,63 Informační činnosti,2016,107.5905505625
Meziroční index,Index produkce služeb - stálé ceny (%),"Sezónně očištěno, včetně očištění o kalendářní vlivy",Česko,63 Informační činnosti,2017,108.7745584693
Meziroční index,Index produkce služeb - stálé ceny (%),"Sezónně očištěno, včetně očištění o kalendářní vlivy",Česko,63 Informační činnosti,2018,109.3266578515
Meziroční index,Index produkce služeb - stálé ceny (%),"Sezónně očištěno, včetně očištění o kalendářní vlivy",Česko,63 Informační činnosti,2019,107.9685316481
Meziroční index,Index produkce služeb - stálé ceny (%),"Sezónně očištěno, včetně očištění o kalendářní vlivy",Česko,63 Informační činnosti,2020,105.2062525171
Meziroční index,Index produkce služeb - stálé ceny (%),"Sezónně očištěno, včetně očištění o kalendářní vlivy",Česko,63 Informační činnosti,2021,107.0679990558
Meziroční index,Index produkce služeb - stálé ceny (%),"Sezónně očištěno, včetně očištění o kalendářní vlivy",Česko,63 Informační činnosti,2022,100.3630742746
Meziroční index,Index produkce služeb - stálé ceny (%),"Sezónně očištěno, včetně očištění o kalendářní vlivy",Česko,63 Informační činnosti,2023,94.4858927095
Meziroční index,Index produkce služeb - stálé ceny (%),"Sezónně očištěno, včetně očištění o kalendářní vlivy",Česko,63 Informační činnosti,2024,100.3977812307
Meziroční index,Index produkce služeb - stálé ceny (%),"Sezónně očištěno, včetně očištění o kalendářní vlivy",Česko,68 Sekce L - ČINNOSTI V OBLASTI NEMOVITOSTÍ,2014,
Meziroční index,Index produkce služeb - stálé ceny (%),"Sezónně očištěno, včetně očištění o kalendářní vlivy",Česko,68 Sekce L - ČINNOSTI V OBLASTI NEMOVITOSTÍ,2015,100.2778552079
Meziroční index,Index produkce služeb - stálé ceny (%),"Sezónně očištěno, včetně očištění o kalendářní vlivy",Česko,68 Sekce L - ČINNOSTI V OBLASTI NEMOVITOSTÍ,2016,100.8677135895
Meziroční index,Index produkce služeb - stálé ceny (%),"Sezónně očištěno, včetně očištění o kalendářní vlivy",Česko,68 Sekce L - ČINNOSTI V OBLASTI NEMOVITOSTÍ,2017,101.7670962102
Meziroční index,Index produkce služeb - stálé ceny (%),"Sezónně očištěno, včetně očištění o kalendářní vlivy",Česko,68 Sekce L - ČINNOSTI V OBLASTI NEMOVITOSTÍ,2018,98.4344738515
Meziroční index,Index produkce služeb - stálé ceny (%),"Sezónně očištěno, včetně očištění o kalendářní vlivy",Česko,68 Sekce L - ČINNOSTI V OBLASTI NEMOVITOSTÍ,2019,99.9052080873
Meziroční index,Index produkce služeb - stálé ceny (%),"Sezónně očištěno, včetně očištění o kalendářní vlivy",Česko,68 Sekce L - ČINNOSTI V OBLASTI NEMOVITOSTÍ,2020,98.7749532689
Meziroční index,Index produkce služeb - stálé ceny (%),"Sezónně očištěno, včetně očištění o kalendářní vlivy",Česko,68 Sekce L - ČINNOSTI V OBLASTI NEMOVITOSTÍ,2021,101.4392740597
Meziroční index,Index produkce služeb - stálé ceny (%),"Sezónně očištěno, včetně očištění o kalendářní vlivy",Česko,68 Sekce L - ČINNOSTI V OBLASTI NEMOVITOSTÍ,2022,105.4072594845
Meziroční index,Index produkce služeb - stálé ceny (%),"Sezónně očištěno, včetně očištění o kalendářní vlivy",Česko,68 Sekce L - ČINNOSTI V OBLASTI NEMOVITOSTÍ,2023,98.7968293941
Meziroční index,Index produkce služeb - stálé ceny (%),"Sezónně očištěno, včetně očištění o kalendářní vlivy",Česko,68 Sekce L - ČINNOSTI V OBLASTI NEMOVITOSTÍ,2024,99.4786810944
Meziroční index,Index produkce služeb - stálé ceny (%),"Sezónně očištěno, včetně očištění o kalendářní vlivy",Česko,"69 a 702 a 71 a 73 a 74 Sekce M_sts - PROFESNÍ, VĚDECKÉ A TECHNICKÉ ČINNOSTI (bez CZ-NACE 701, 72 a 75)",2014,
Meziroční index,Index produkce služeb - stálé ceny (%),"Sezónně očištěno, včetně očištění o kalendářní vlivy",Česko,"69 a 702 a 71 a 73 a 74 Sekce M_sts - PROFESNÍ, VĚDECKÉ A TECHNICKÉ ČINNOSTI (bez CZ-NACE 701, 72 a 75)",2015,
Meziroční index,Index produkce služeb - stálé ceny (%),"Sezónně očištěno, včetně očištění o kalendářní vlivy",Česko,"69 a 702 a 71 a 73 a 74 Sekce M_sts - PROFESNÍ, VĚDECKÉ A TECHNICKÉ ČINNOSTI (bez CZ-NACE 701, 72 a 75)",2016,97.8716685976
Meziroční index,Index produkce služeb - stálé ceny (%),"Sezónně očištěno, včetně očištění o kalendářní vlivy",Česko,"69 a 702 a 71 a 73 a 74 Sekce M_sts - PROFESNÍ, VĚDECKÉ A TECHNICKÉ ČINNOSTI (bez CZ-NACE 701, 72 a 75)",2017,103.1174581048
Meziroční index,Index produkce služeb - stálé ceny (%),"Sezónně očištěno, včetně očištění o kalendářní vlivy",Česko,"69 a 702 a 71 a 73 a 74 Sekce M_sts - PROFESNÍ, VĚDECKÉ A TECHNICKÉ ČINNOSTI (bez CZ-NACE 701, 72 a 75)",2018,102.883757329
Meziroční index,Index produkce služeb - stálé ceny (%),"Sezónně očištěno, včetně očištění o kalendářní vlivy",Česko,"69 a 702 a 71 a 73 a 74 Sekce M_sts - PROFESNÍ, VĚDECKÉ A TECHNICKÉ ČINNOSTI (bez CZ-NACE 701, 72 a 75)",2019,99.0865802452
Meziroční index,Index produkce služeb - stálé ceny (%),"Sezónně očištěno, včetně očištění o kalendářní vlivy",Česko,"69 a 702 a 71 a 73 a 74 Sekce M_sts - PROFESNÍ, VĚDECKÉ A TECHNICKÉ ČINNOSTI (bez CZ-NACE 701, 72 a 75)",2020,91.5171691135
Meziroční index,Index produkce služeb - stálé ceny (%),"Sezónně očištěno, včetně očištění o kalendářní vlivy",Česko,"69 a 702 a 71 a 73 a 74 Sekce M_sts - PROFESNÍ, VĚDECKÉ A TECHNICKÉ ČINNOSTI (bez CZ-NACE 701, 72 a 75)",2021,105.0352080782
Meziroční index,Index produkce služeb - stálé ceny (%),"Sezónně očištěno, včetně očištění o kalendářní vlivy",Česko,"69 a 702 a 71 a 73 a 74 Sekce M_sts - PROFESNÍ, VĚDECKÉ A TECHNICKÉ ČINNOSTI (bez CZ-NACE 701, 72 a 75)",2022,106.6617936796
Meziroční index,Index produkce služeb - stálé ceny (%),"Sezónně očištěno, včetně očištění o kalendářní vlivy",Česko,"69 a 702 a 71 a 73 a 74 Sekce M_sts - PROFESNÍ, VĚDECKÉ A TECHNICKÉ ČINNOSTI (bez CZ-NACE 701, 72 a 75)",2023,102.1172033704
Meziroční index,Index produkce služeb - stálé ceny (%),"Sezónně očištěno, včetně očištění o kalendářní vlivy",Česko,"69 a 702 a 71 a 73 a 74 Sekce M_sts - PROFESNÍ, VĚDECKÉ A TECHNICKÉ ČINNOSTI (bez CZ-NACE 701, 72 a 75)",2024,101.8122640549
Meziroční index,Index produkce služeb - stálé ceny (%),"Sezónně očištěno, včetně očištění o kalendářní vlivy",Česko,69 Právní a účetnické činnosti,2014,
Meziroční index,Index produkce služeb - stálé ceny (%),"Sezónně očištěno, včetně očištění o kalendářní vlivy",Česko,69 Právní a účetnické činnosti,2015,101.5790241739
Meziroční index,Index produkce služeb - stálé ceny (%),"Sezónně očištěno, včetně očištění o kalendářní vlivy",Česko,69 Právní a účetnické činnosti,2016,103.6637894049
Meziroční index,Index produkce služeb - stálé ceny (%),"Sezónně očištěno, včetně očištění o kalendářní vlivy",Česko,69 Právní a účetnické činnosti,2017,105.0361667605
Meziroční index,Index produkce služeb - stálé ceny (%),"Sezónně očištěno, včetně očištění o kalendářní vlivy",Česko,69 Právní a účetnické činnosti,2018,105.2498322751
Meziroční index,Index produkce služeb - stálé ceny (%),"Sezónně očištěno, včetně očištění o kalendářní vlivy",Česko,69 Právní a účetnické činnosti,2019,101.9360117661
Meziroční index,Index produkce služeb - stálé ceny (%),"Sezónně očištěno, včetně očištění o kalendářní vlivy",Česko,69 Právní a účetnické činnosti,2020,98.3847048944
Meziroční index,Index produkce služeb - stálé ceny (%),"Sezónně očištěno, včetně očištění o kalendářní vlivy",Česko,69 Právní a účetnické činnosti,2021,104.1316619637
Meziroční index,Index produkce služeb - stálé ceny (%),"Sezónně očištěno, včetně očištění o kalendářní vlivy",Česko,69 Právní a účetnické činnosti,2022,105.5113237822
Meziroční index,Index produkce služeb - stálé ceny (%),"Sezónně očištěno, včetně očištění o kalendářní vlivy",Česko,69 Právní a účetnické činnosti,2023,103.1658154712
Meziroční index,Index produkce služeb - stálé ceny (%),"Sezónně očištěno, včetně očištění o kalendářní vlivy",Česko,69 Právní a účetnické činnosti,2024,102.388926369
Meziroční index,Index produkce služeb - stálé ceny (%),"Sezónně očištěno, včetně očištění o kalendářní vlivy",Česko,70.2 Poradenství v oblasti řízení,2014,
Meziroční index,Index produkce služeb - stálé ceny (%),"Sezónně očištěno, včetně očištění o kalendářní vlivy",Česko,70.2 Poradenství v oblasti řízení,2015,101.4964890616
Meziroční index,Index produkce služeb - stálé ceny (%),"Sezónně očištěno, včetně očištění o kalendářní vlivy",Česko,70.2 Poradenství v oblasti řízení,2016,94.2475366402
Meziroční index,Index produkce služeb - stálé ceny (%),"Sezónně očištěno, včetně očištění o kalendářní vlivy",Česko,70.2 Poradenství v oblasti řízení,2017,99.3216815895
Meziroční index,Index produkce služeb - stálé ceny (%),"Sezónně očištěno, včetně očištění o kalendářní vlivy",Česko,70.2 Poradenství v oblasti řízení,2018,106.2454486453
Meziroční index,Index produkce služeb - stálé ceny (%),"Sezónně očištěno, včetně očištění o kalendářní vlivy",Česko,70.2 Poradenství v oblasti řízení,2019,93.5543256595
Meziroční index,Index produkce služeb - stálé ceny (%),"Sezónně očištěno, včetně očištění o kalendářní vlivy",Česko,70.2 Poradenství v oblasti řízení,2020,91.771172959
Meziroční index,Index produkce služeb - stálé ceny (%),"Sezónně očištěno, včetně očištění o kalendářní vlivy",Česko,70.2 Poradenství v oblasti řízení,2021,112.2694609651
Meziroční index,Index produkce služeb - stálé ceny (%),"Sezónně očištěno, včetně očištění o kalendářní vlivy",Česko,70.2 Poradenství v oblasti řízení,2022,105.0894145871
Meziroční index,Index produkce služeb - stálé ceny (%),"Sezónně očištěno, včetně očištění o kalendářní vlivy",Česko,70.2 Poradenství v oblasti řízení,2023,99.7788906632
Meziroční index,Index produkce služeb - stálé ceny (%),"Sezónně očištěno, včetně očištění o kalendářní vlivy",Česko,70.2 Poradenství v oblasti řízení,2024,102.263934189
Meziroční index,Index produkce služeb - stálé ceny (%),"Sezónně očištěno, včetně očištění o kalendářní vlivy",Česko,71 Architektonické a inženýrské činnosti; technické zkoušky a analýzy,2014,
Meziroční index,Index produkce služeb - stálé ceny (%),"Sezónně očištěno, včetně očištění o kalendářní vlivy",Česko,71 Architektonické a inženýrské činnosti; technické zkoušky a analýzy,2015,104.3780341356
Meziroční index,Index produkce služeb - stálé ceny (%),"Sezónně očištěno, včetně očištění o kalendářní vlivy",Česko,71 Architektonické a inženýrské činnosti; technické zkoušky a analýzy,2016,91.2457875607
Meziroční index,Index produkce služeb - stálé ceny (%),"Sezónně očištěno, včetně očištění o kalendářní vlivy",Česko,71 Architektonické a inženýrské činnosti; technické zkoušky a analýzy,2017,100.9700014705
Meziroční index,Index produkce služeb - stálé ceny (%),"Sezónně očištěno, včetně očištění o kalendářní vlivy",Česko,71 Architektonické a inženýrské činnosti; technické zkoušky a analýzy,2018,101.5737404358
Meziroční index,Index produkce služeb - stálé ceny (%),"Sezónně očištěno, včetně očištění o kalendářní vlivy",Česko,71 Architektonické a inženýrské činnosti; technické zkoušky a analýzy,2019,98.9433794798
Meziroční index,Index produkce služeb - stálé ceny (%),"Sezónně očištěno, včetně očištění o kalendářní vlivy",Česko,71 Architektonické a inženýrské činnosti; technické zkoušky a analýzy,2020,92.089808914
Meziroční index,Index produkce služeb - stálé ceny (%),"Sezónně očištěno, včetně očištění o kalendářní vlivy",Česko,71 Architektonické a inženýrské činnosti; technické zkoušky a analýzy,2021,106.3013977758
Meziroční index,Index produkce služeb - stálé ceny (%),"Sezónně očištěno, včetně očištění o kalendářní vlivy",Česko,71 Architektonické a inženýrské činnosti; technické zkoušky a analýzy,2022,109.6107854028
Meziroční index,Index produkce služeb - stálé ceny (%),"Sezónně očištěno, včetně očištění o kalendářní vlivy",Česko,71 Architektonické a inženýrské činnosti; technické zkoušky a analýzy,2023,102.584875905
Meziroční index,Index produkce služeb - stálé ceny (%),"Sezónně očištěno, včetně očištění o kalendářní vlivy",Česko,71 Architektonické a inženýrské činnosti; technické zkoušky a analýzy,2024,101.7691892152
Meziroční index,Index produkce služeb - stálé ceny (%),"Sezónně očištěno, včetně očištění o kalendářní vlivy",Česko,73 Reklama a průzkum trhu,2014,
Meziroční index,Index produkce služeb - stálé ceny (%),"Sezónně očištěno, včetně očištění o kalendářní vlivy",Česko,73 Reklama a průzkum trhu,2015,102.3332398778
Meziroční index,Index produkce služeb - stálé ceny (%),"Sezónně očištěno, včetně očištění o kalendářní vlivy",Česko,73 Reklama a průzkum trhu,2016,101.6606530943
Meziroční index,Index produkce služeb - stálé ceny (%),"Sezónně očištěno, včetně očištění o kalendářní vlivy",Česko,73 Reklama a průzkum trhu,2017,101.1563385917
Meziroční index,Index produkce služeb - stálé ceny (%),"Sezónně očištěno, včetně očištění o kalendářní vlivy",Česko,73 Reklama a průzkum trhu,2018,99.0475700278
Meziroční index,Index produkce služeb - stálé ceny (%),"Sezónně očištěno, včetně očištění o kalendářní vlivy",Česko,73 Reklama a průzkum trhu,2019,100.137050808
Meziroční index,Index produkce služeb - stálé ceny (%),"Sezónně očištěno, včetně očištění o kalendářní vlivy",Česko,73 Reklama a průzkum trhu,2020,89.0924923799
Meziroční index,Index produkce služeb - stálé ceny (%),"Sezónně očištěno, včetně očištění o kalendářní vlivy",Česko,73 Reklama a průzkum trhu,2021,107.6857923434
Meziroční index,Index produkce služeb - stálé ceny (%),"Sezónně očištěno, včetně očištění o kalendářní vlivy",Česko,73 Reklama a průzkum trhu,2022,95.5689108985
Meziroční index,Index produkce služeb - stálé ceny (%),"Sezónně očištěno, včetně očištění o kalendářní vlivy",Česko,73 Reklama a průzkum trhu,2023,100.6015534678
Meziroční index,Index produkce služeb - stálé ceny (%),"Sezónně očištěno, včetně očištění o kalendářní vlivy",Česko,73 Reklama a průzkum trhu,2024,97.2546845927
Meziroční index,Index produkce služeb - stálé ceny (%),"Sezónně očištěno, včetně očištění o kalendářní vlivy",Česko,"74 Ostatní profesní, vědecké a technické činnosti",2014,
Meziroční index,Index produkce služeb - stálé ceny (%),"Sezónně očištěno, včetně očištění o kalendářní vlivy",Česko,"74 Ostatní profesní, vědecké a technické činnosti",2015,105.3089782529
Meziroční index,Index produkce služeb - stálé ceny (%),"Sezónně očištěno, včetně očištění o kalendářní vlivy",Česko,"74 Ostatní profesní, vědecké a technické činnosti",2016,102.7458349548
Meziroční index,Index produkce služeb - stálé ceny (%),"Sezónně očištěno, včetně očištění o kalendářní vlivy",Česko,"74 Ostatní profesní, vědecké a technické činnosti",2017,108.2470102064
Meziroční index,Index produkce služeb - stálé ceny (%),"Sezónně očištěno, včetně očištění o kalendářní vlivy",Česko,"74 Ostatní profesní, vědecké a technické činnosti",2018,103.2898708671
Meziroční index,Index produkce služeb - stálé ceny (%),"Sezónně očištěno, včetně očištění o kalendářní vlivy",Česko,"74 Ostatní profesní, vědecké a technické činnosti",2019,96.8140394343
Meziroční index,Index produkce služeb - stálé ceny (%),"Sezónně očištěno, včetně očištění o kalendářní vlivy",Česko,"74 Ostatní profesní, vědecké a technické činnosti",2020,80.9075475442
Meziroční index,Index produkce služeb - stálé ceny (%),"Sezónně očištěno, včetně očištění o kalendářní vlivy",Česko,"74 Ostatní profesní, vědecké a technické činnosti",2021,97.6764853242
Meziroční index,Index produkce služeb - stálé ceny (%),"Sezónně očištěno, včetně očištění o kalendářní vlivy",Česko,"74 Ostatní profesní, vědecké a technické činnosti",2022,114.2324958024
Meziroční index,Index produkce služeb - stálé ceny (%),"Sezónně očištěno, včetně očištění o kalendářní vlivy",Česko,"74 Ostatní profesní, vědecké a technické činnosti",2023,101.6017415657
Meziroční index,Index produkce služeb - stálé ceny (%),"Sezónně očištěno, včetně očištění o kalendářní vlivy",Česko,"74 Ostatní profesní, vědecké a technické činnosti",2024,104.2802047807
Meziroční index,Index produkce služeb - stálé ceny (%),"Sezónně očištěno, včetně očištění o kalendářní vlivy",Česko,77 až 82 Sekce N - ADMINISTRATIVNÍ A PODPŮRNÉ ČINNOSTI,2014,
Meziroční index,Index produkce služeb - stálé ceny (%),"Sezónně očištěno, včetně očištění o kalendářní vlivy",Česko,77 až 82 Sekce N - ADMINISTRATIVNÍ A PODPŮRNÉ ČINNOSTI,2015,108.3950552378
Meziroční index,Index produkce služeb - stálé ceny (%),"Sezónně očištěno, včetně očištění o kalendářní vlivy",Česko,77 až 82 Sekce N - ADMINISTRATIVNÍ A PODPŮRNÉ ČINNOSTI,2016,105.3213888088
Meziroční index,Index produkce služeb - stálé ceny (%),"Sezónně očištěno, včetně očištění o kalendářní vlivy",Česko,77 až 82 Sekce N - ADMINISTRATIVNÍ A PODPŮRNÉ ČINNOSTI,2017,106.3886948692
Meziroční index,Index produkce služeb - stálé ceny (%),"Sezónně očištěno, včetně očištění o kalendářní vlivy",Česko,77 až 82 Sekce N - ADMINISTRATIVNÍ A PODPŮRNÉ ČINNOSTI,2018,102.8973565282
Meziroční index,Index produkce služeb - stálé ceny (%),"Sezónně očištěno, včetně očištění o kalendářní vlivy",Česko,77 až 82 Sekce N - ADMINISTRATIVNÍ A PODPŮRNÉ ČINNOSTI,2019,98.9795367672
Meziroční index,Index produkce služeb - stálé ceny (%),"Sezónně očištěno, včetně očištění o kalendářní vlivy",Česko,77 až 82 Sekce N - ADMINISTRATIVNÍ A PODPŮRNÉ ČINNOSTI,2020,83.7643295233
Meziroční index,Index produkce služeb - stálé ceny (%),"Sezónně očištěno, včetně očištění o kalendářní vlivy",Česko,77 až 82 Sekce N - ADMINISTRATIVNÍ A PODPŮRNÉ ČINNOSTI,2021,103.4385410387
Meziroční index,Index produkce služeb - stálé ceny (%),"Sezónně očištěno, včetně očištění o kalendářní vlivy",Česko,77 až 82 Sekce N - ADMINISTRATIVNÍ A PODPŮRNÉ ČINNOSTI,2022,103.6501667469
Meziroční index,Index produkce služeb - stálé ceny (%),"Sezónně očištěno, včetně očištění o kalendářní vlivy",Česko,77 až 82 Sekce N - ADMINISTRATIVNÍ A PODPŮRNÉ ČINNOSTI,2023,95.61644795
Meziroční index,Index produkce služeb - stálé ceny (%),"Sezónně očištěno, včetně očištění o kalendářní vlivy",Česko,77 až 82 Sekce N - ADMINISTRATIVNÍ A PODPŮRNÉ ČINNOSTI,2024,99.3650548736
Meziroční index,Index produkce služeb - stálé ceny (%),"Sezónně očištěno, včetně očištění o kalendářní vlivy",Česko,77 Činnosti v oblasti pronájmu a operativního leasingu,2014,
Meziroční index,Index produkce služeb - stálé ceny (%),"Sezónně očištěno, včetně očištění o kalendářní vlivy",Česko,77 Činnosti v oblasti pronájmu a operativního leasingu,2015,107.0146095537
Meziroční index,Index produkce služeb - stálé ceny (%),"Sezónně očištěno, včetně očištění o kalendářní vlivy",Česko,77 Činnosti v oblasti pronájmu a operativního leasingu,2016,106.9255712799
Meziroční index,Index produkce služeb - stálé ceny (%),"Sezónně očištěno, včetně očištění o kalendářní vlivy",Česko,77 Činnosti v oblasti pronájmu a operativního leasingu,2017,106.8846432605
Meziroční index,Index produkce služeb - stálé ceny (%),"Sezónně očištěno, včetně očištění o kalendářní vlivy",Česko,77 Činnosti v oblasti pronájmu a operativního leasingu,2018,105.3768416943
Meziroční index,Index produkce služeb - stálé ceny (%),"Sezónně očištěno, včetně očištění o kalendářní vlivy",Česko,77 Činnosti v oblasti pronájmu a operativního leasingu,2019,100.9187295875
Meziroční index,Index produkce služeb - stálé ceny (%),"Sezónně očištěno, včetně očištění o kalendářní vlivy",Česko,77 Činnosti v oblasti pronájmu a operativního leasingu,2020,93.1191620994
Meziroční index,Index produkce služeb - stálé ceny (%),"Sezónně očištěno, včetně očištění o kalendářní vlivy",Česko,77 Činnosti v oblasti pronájmu a operativního leasingu,2021,104.5498481337
Meziroční index,Index produkce služeb - stálé ceny (%),"Sezónně očištěno, včetně očištění o kalendářní vlivy",Česko,77 Činnosti v oblasti pronájmu a operativního leasingu,2022,103.0130517861
Meziroční index,Index produkce služeb - stálé ceny (%),"Sezónně očištěno, včetně očištění o kalendářní vlivy",Česko,77 Činnosti v oblasti pronájmu a operativního leasingu,2023,97.3583365952
Meziroční index,Index produkce služeb - stálé ceny (%),"Sezónně očištěno, včetně očištění o kalendářní vlivy",Česko,77 Činnosti v oblasti pronájmu a operativního leasingu,2024,104.5691983965
Meziroční index,Index produkce služeb - stálé ceny (%),"Sezónně očištěno, včetně očištění o kalendářní vlivy",Česko,78 Činnosti související se zaměstnáním,2014,
Meziroční index,Index produkce služeb - stálé ceny (%),"Sezónně očištěno, včetně očištění o kalendářní vlivy",Česko,78 Činnosti související se zaměstnáním,2015,120.5082186816
Meziroční index,Index produkce služeb - stálé ceny (%),"Sezónně očištěno, včetně očištění o kalendářní vlivy",Česko,78 Činnosti související se zaměstnáním,2016,111.36404788
Meziroční index,Index produkce služeb - stálé ceny (%),"Sezónně očištěno, včetně očištění o kalendářní vlivy",Česko,78 Činnosti související se zaměstnáním,2017,110.8215584703
Meziroční index,Index produkce služeb - stálé ceny (%),"Sezónně očištěno, včetně očištění o kalendářní vlivy",Česko,78 Činnosti související se zaměstnáním,2018,105.2204622725
Meziroční index,Index produkce služeb - stálé ceny (%),"Sezónně očištěno, včetně očištění o kalendářní vlivy",Česko,78 Činnosti související se zaměstnáním,2019,94.4101785884
Meziroční index,Index produkce služeb - stálé ceny (%),"Sezónně očištěno, včetně očištění o kalendářní vlivy",Česko,78 Činnosti související se zaměstnáním,2020,81.0808239095
Meziroční index,Index produkce služeb - stálé ceny (%),"Sezónně očištěno, včetně očištění o kalendářní vlivy",Česko,78 Činnosti související se zaměstnáním,2021,99.8444361529
Meziroční index,Index produkce služeb - stálé ceny (%),"Sezónně očištěno, včetně očištění o kalendářní vlivy",Česko,78 Činnosti související se zaměstnáním,2022,88.3794753721
Meziroční index,Index produkce služeb - stálé ceny (%),"Sezónně očištěno, včetně očištění o kalendářní vlivy",Česko,78 Činnosti související se zaměstnáním,2023,85.5308351471
Meziroční index,Index produkce služeb - stálé ceny (%),"Sezónně očištěno, včetně očištění o kalendářní vlivy",Česko,78 Činnosti související se zaměstnáním,2024,88.169000202
Meziroční index,Index produkce služeb - stálé ceny (%),"Sezónně očištěno, včetně očištění o kalendářní vlivy",Česko,"79 Činnosti cestovních agentur, kanceláří a jiné rezervační a související činnosti",2014,
Meziroční index,Index produkce služeb - stálé ceny (%),"Sezónně očištěno, včetně očištění o kalendářní vlivy",Česko,"79 Činnosti cestovních agentur, kanceláří a jiné rezervační a související činnosti",2015,90.9637805134
Meziroční index,Index produkce služeb - stálé ceny (%),"Sezónně očištěno, včetně očištění o kalendářní vlivy",Česko,"79 Činnosti cestovních agentur, kanceláří a jiné rezervační a související činnosti",2016,96.9510239419
Meziroční index,Index produkce služeb - stálé ceny (%),"Sezónně očištěno, včetně očištění o kalendářní vlivy",Česko,"79 Činnosti cestovních agentur, kanceláří a jiné rezervační a související činnosti",2017,106.6986982694
Meziroční index,Index produkce služeb - stálé ceny (%),"Sezónně očištěno, včetně očištění o kalendářní vlivy",Česko,"79 Činnosti cestovních agentur, kanceláří a jiné rezervační a související činnosti",2018,102.7959907345
Meziroční index,Index produkce služeb - stálé ceny (%),"Sezónně očištěno, včetně očištění o kalendářní vlivy",Česko,"79 Činnosti cestovních agentur, kanceláří a jiné rezervační a související činnosti",2019,96.7102231136
Meziroční index,Index produkce služeb - stálé ceny (%),"Sezónně očištěno, včetně očištění o kalendářní vlivy",Česko,"79 Činnosti cestovních agentur, kanceláří a jiné rezervační a související činnosti",2020,29.9682254035
Meziroční index,Index produkce služeb - stálé ceny (%),"Sezónně očištěno, včetně očištění o kalendářní vlivy",Česko,"79 Činnosti cestovních agentur, kanceláří a jiné rezervační a související činnosti",2021,132.8139340351
Meziroční index,Index produkce služeb - stálé ceny (%),"Sezónně očištěno, včetně očištění o kalendářní vlivy",Česko,"79 Činnosti cestovních agentur, kanceláří a jiné rezervační a související činnosti",2022,222.5222207575
Meziroční index,Index produkce služeb - stálé ceny (%),"Sezónně očištěno, včetně očištění o kalendářní vlivy",Česko,"79 Činnosti cestovních agentur, kanceláří a jiné rezervační a související činnosti",2023,120.1905823738
Meziroční index,Index produkce služeb - stálé ceny (%),"Sezónně očištěno, včetně očištění o kalendářní vlivy",Česko,"79 Činnosti cestovních agentur, kanceláří a jiné rezervační a související činnosti",2024,106.2222731236
Meziroční index,Index produkce služeb - stálé ceny (%),"Sezónně očištěno, včetně očištění o kalendářní vlivy",Česko,80 Bezpečnostní a pátrací činnosti,2014,
Meziroční index,Index produkce služeb - stálé ceny (%),"Sezónně očištěno, včetně očištění o kalendářní vlivy",Česko,80 Bezpečnostní a pátrací činnosti,2015,103.7182530922
Meziroční index,Index produkce služeb - stálé ceny (%),"Sezónně očištěno, včetně očištění o kalendářní vlivy",Česko,80 Bezpečnostní a pátrací činnosti,2016,102.7103268135
Meziroční index,Index produkce služeb - stálé ceny (%),"Sezónně očištěno, včetně očištění o kalendářní vlivy",Česko,80 Bezpečnostní a pátrací činnosti,2017,100.9154435418
Meziroční index,Index produkce služeb - stálé ceny (%),"Sezónně očištěno, včetně očištění o kalendářní vlivy",Česko,80 Bezpečnostní a pátrací činnosti,2018,97.7342848064
Meziroční index,Index produkce služeb - stálé ceny (%),"Sezónně očištěno, včetně očištění o kalendářní vlivy",Česko,80 Bezpečnostní a pátrací činnosti,2019,100.4398463154
Meziroční index,Index produkce služeb - stálé ceny (%),"Sezónně očištěno, včetně očištění o kalendářní vlivy",Česko,80 Bezpečnostní a pátrací činnosti,2020,98.1152324548
Meziroční index,Index produkce služeb - stálé ceny (%),"Sezónně očištěno, včetně očištění o kalendářní vlivy",Česko,80 Bezpečnostní a pátrací činnosti,2021,99.634831451
Meziroční index,Index produkce služeb - stálé ceny (%),"Sezónně očištěno, včetně očištění o kalendářní vlivy",Česko,80 Bezpečnostní a pátrací činnosti,2022,102.320746097
Meziroční index,Index produkce služeb - stálé ceny (%),"Sezónně očištěno, včetně očištění o kalendářní vlivy",Česko,80 Bezpečnostní a pátrací činnosti,2023,97.6257335774
Meziroční index,Index produkce služeb - stálé ceny (%),"Sezónně očištěno, včetně očištění o kalendářní vlivy",Česko,80 Bezpečnostní a pátrací činnosti,2024,97.4455269808
Meziroční index,Index produkce služeb - stálé ceny (%),"Sezónně očištěno, včetně očištění o kalendářní vlivy",Česko,81 Činnosti související se stavbami a úpravou krajiny,2014,
Meziroční index,Index produkce služeb - stálé ceny (%),"Sezónně očištěno, včetně očištění o kalendářní vlivy",Česko,81 Činnosti související se stavbami a úpravou krajiny,2015,106.2233892563
Meziroční index,Index produkce služeb - stálé ceny (%),"Sezónně očištěno, včetně očištění o kalendářní vlivy",Česko,81 Činnosti související se stavbami a úpravou krajiny,2016,102.0210116932
Meziroční index,Index produkce služeb - stálé ceny (%),"Sezónně očištěno, včetně očištění o kalendářní vlivy",Česko,81 Činnosti související se stavbami a úpravou krajiny,2017,101.3545204897
Meziroční index,Index produkce služeb - stálé ceny (%),"Sezónně očištěno, včetně očištění o kalendářní vlivy",Česko,81 Činnosti související se stavbami a úpravou krajiny,2018,99.3755391656
Meziroční index,Index produkce služeb - stálé ceny (%),"Sezónně očištěno, včetně očištění o kalendářní vlivy",Česko,81 Činnosti související se stavbami a úpravou krajiny,2019,98.6855885327
Meziroční index,Index produkce služeb - stálé ceny (%),"Sezónně očištěno, včetně očištění o kalendářní vlivy",Česko,81 Činnosti související se stavbami a úpravou krajiny,2020,91.1577968641
Meziroční index,Index produkce služeb - stálé ceny (%),"Sezónně očištěno, včetně očištění o kalendářní vlivy",Česko,81 Činnosti související se stavbami a úpravou krajiny,2021,102.7095496043
Meziroční index,Index produkce služeb - stálé ceny (%),"Sezónně očištěno, včetně očištění o kalendářní vlivy",Česko,81 Činnosti související se stavbami a úpravou krajiny,2022,104.7363126547
Meziroční index,Index produkce služeb - stálé ceny (%),"Sezónně očištěno, včetně očištění o kalendářní vlivy",Česko,81 Činnosti související se stavbami a úpravou krajiny,2023,93.7454865984
Meziroční index,Index produkce služeb - stálé ceny (%),"Sezónně očištěno, včetně očištění o kalendářní vlivy",Česko,81 Činnosti související se stavbami a úpravou krajiny,2024,98.8709745804
Meziroční index,Index produkce služeb - stálé ceny (%),"Sezónně očištěno, včetně očištění o kalendářní vlivy",Česko,"82 Administrativní, kancelářské a jiné podpůrné činnosti pro podnikání",2014,
Meziroční index,Index produkce služeb - stálé ceny (%),"Sezónně očištěno, včetně očištění o kalendářní vlivy",Česko,"82 Administrativní, kancelářské a jiné podpůrné činnosti pro podnikání",2015,105.7352718873
Meziroční index,Index produkce služeb - stálé ceny (%),"Sezónně očištěno, včetně očištění o kalendářní vlivy",Česko,"82 Administrativní, kancelářské a jiné podpůrné činnosti pro podnikání",2016,102.1946747212
Meziroční index,Index produkce služeb - stálé ceny (%),"Sezónně očištěno, včetně očištění o kalendářní vlivy",Česko,"82 Administrativní, kancelářské a jiné podpůrné činnosti pro podnikání",2017,106.3626139203
Meziroční index,Index produkce služeb - stálé ceny (%),"Sezónně očištěno, včetně očištění o kalendářní vlivy",Česko,"82 Administrativní, kancelářské a jiné podpůrné činnosti pro podnikání",2018,102.835182425
Meziroční index,Index produkce služeb - stálé ceny (%),"Sezónně očištěno, včetně očištění o kalendářní vlivy",Česko,"82 Administrativní, kancelářské a jiné podpůrné činnosti pro podnikání",2019,106.2433000821
Meziroční index,Index produkce služeb - stálé ceny (%),"Sezónně očištěno, včetně očištění o kalendářní vlivy",Česko,"82 Administrativní, kancelářské a jiné podpůrné činnosti pro podnikání",2020,84.5047039547
Meziroční index,Index produkce služeb - stálé ceny (%),"Sezónně očištěno, včetně očištění o kalendářní vlivy",Česko,"82 Administrativní, kancelářské a jiné podpůrné činnosti pro podnikání",2021,107.8730805723
Meziroční index,Index produkce služeb - stálé ceny (%),"Sezónně očištěno, včetně očištění o kalendářní vlivy",Česko,"82 Administrativní, kancelářské a jiné podpůrné činnosti pro podnikání",2022,108.9448146527
Meziroční index,Index produkce služeb - stálé ceny (%),"Sezónně očištěno, včetně očištění o kalendářní vlivy",Česko,"82 Administrativní, kancelářské a jiné podpůrné činnosti pro podnikání",2023,98.8665056814
Meziroční index,Index produkce služeb - stálé ceny (%),"Sezónně očištěno, včetně očištění o kalendářní vlivy",Česko,"82 Administrativní, kancelářské a jiné podpůrné činnosti pro podnikání",2024,105.5386250803
