Území,Ukazatel,Druh zdravotních služeb,Čtvrtletí,value
Česko,Náklady na zdravotní služby (mil. Kč),Celkem,4. čtvrtletí 2024,136303.315
Česko,Náklady na zdravotní služby (mil. Kč),Celkem,4. čtvrtletí 2023,127939.512
Česko,Náklady na zdravotní služby (mil. Kč),Celkem,4. čtvrtletí 2022,120922.104
Česko,Náklady na zdravotní služby (mil. Kč),Celkem,4. čtvrtletí 2021,109877.275
Česko,Náklady na zdravotní služby (mil. Kč),Celkem,4. čtvrtletí 2020,103331.179
Česko,Náklady na zdravotní služby (mil. Kč),Celkem,4. čtvrtletí 2019,85038.456
Česko,Náklady na zdravotní služby (mil. Kč),Celkem,4. čtvrtletí 2018,76004.615
Česko,Náklady na zdravotní služby (mil. Kč),Celkem,4. čtvrtletí 2017,71371.978
Česko,Náklady na zdravotní služby (mil. Kč),Celkem,3. čtvrtletí 2024,121204.937
Česko,Náklady na zdravotní služby (mil. Kč),Celkem,3. čtvrtletí 2023,107971.067
Česko,Náklady na zdravotní služby (mil. Kč),Celkem,3. čtvrtletí 2022,98019.51
Česko,Náklady na zdravotní služby (mil. Kč),Celkem,3. čtvrtletí 2021,109567.263
Česko,Náklady na zdravotní služby (mil. Kč),Celkem,3. čtvrtletí 2020,83164.698
Česko,Náklady na zdravotní služby (mil. Kč),Celkem,3. čtvrtletí 2019,74267.527
Česko,Náklady na zdravotní služby (mil. Kč),Celkem,3. čtvrtletí 2018,68331.564
Česko,Náklady na zdravotní služby (mil. Kč),Celkem,3. čtvrtletí 2017,63190.906
Česko,Náklady na zdravotní služby (mil. Kč),Celkem,2. čtvrtletí 2024,124504.149
Česko,Náklady na zdravotní služby (mil. Kč),Celkem,2. čtvrtletí 2023,111166.148
Česko,Náklady na zdravotní služby (mil. Kč),Celkem,2. čtvrtletí 2022,100932.134
Česko,Náklady na zdravotní služby (mil. Kč),Celkem,2. čtvrtletí 2021,90023.166
Česko,Náklady na zdravotní služby (mil. Kč),Celkem,2. čtvrtletí 2020,79972.973
Česko,Náklady na zdravotní služby (mil. Kč),Celkem,2. čtvrtletí 2019,76122.671
Česko,Náklady na zdravotní služby (mil. Kč),Celkem,2. čtvrtletí 2018,70657.485
Česko,Náklady na zdravotní služby (mil. Kč),Celkem,2. čtvrtletí 2017,66882.655
Česko,Náklady na zdravotní služby (mil. Kč),Celkem,1. čtvrtletí 2025,125451.056
Česko,Náklady na zdravotní služby (mil. Kč),Celkem,1. čtvrtletí 2024,121297.655
Česko,Náklady na zdravotní služby (mil. Kč),Celkem,1. čtvrtletí 2023,108386.024
Česko,Náklady na zdravotní služby (mil. Kč),Celkem,1. čtvrtletí 2022,99370.834
Česko,Náklady na zdravotní služby (mil. Kč),Celkem,1. čtvrtletí 2021,90053.866
Česko,Náklady na zdravotní služby (mil. Kč),Celkem,1. čtvrtletí 2020,81088.456
Česko,Náklady na zdravotní služby (mil. Kč),Celkem,1. čtvrtletí 2019,74541.067
Česko,Náklady na zdravotní služby (mil. Kč),Celkem,1. čtvrtletí 2018,69687.166
Česko,Náklady na zdravotní služby (mil. Kč),Celkem,1. čtvrtletí 2017,64981.75
Česko,Náklady na zdravotní služby (mil. Kč),Náklady na ambulantní služby praktických lékařů,4. čtvrtletí 2024,8951.361
Česko,Náklady na zdravotní služby (mil. Kč),Náklady na ambulantní služby praktických lékařů,4. čtvrtletí 2023,7840.586
Česko,Náklady na zdravotní služby (mil. Kč),Náklady na ambulantní služby praktických lékařů,4. čtvrtletí 2022,6971.921
Česko,Náklady na zdravotní služby (mil. Kč),Náklady na ambulantní služby praktických lékařů,4. čtvrtletí 2021,7140.115
Česko,Náklady na zdravotní služby (mil. Kč),Náklady na ambulantní služby praktických lékařů,4. čtvrtletí 2020,5913.571
Česko,Náklady na zdravotní služby (mil. Kč),Náklady na ambulantní služby praktických lékařů,4. čtvrtletí 2019,4796.097
Česko,Náklady na zdravotní služby (mil. Kč),Náklady na ambulantní služby praktických lékařů,4. čtvrtletí 2018,4447.864
Česko,Náklady na zdravotní služby (mil. Kč),Náklady na ambulantní služby praktických lékařů,4. čtvrtletí 2017,4225.321
Česko,Náklady na zdravotní služby (mil. Kč),Náklady na ambulantní služby praktických lékařů,3. čtvrtletí 2024,7011.16
Česko,Náklady na zdravotní služby (mil. Kč),Náklady na ambulantní služby praktických lékařů,3. čtvrtletí 2023,5887.949
Česko,Náklady na zdravotní služby (mil. Kč),Náklady na ambulantní služby praktických lékařů,3. čtvrtletí 2022,5644.089
Česko,Náklady na zdravotní služby (mil. Kč),Náklady na ambulantní služby praktických lékařů,3. čtvrtletí 2021,5404.819
Česko,Náklady na zdravotní služby (mil. Kč),Náklady na ambulantní služby praktických lékařů,3. čtvrtletí 2020,4823.791
Česko,Náklady na zdravotní služby (mil. Kč),Náklady na ambulantní služby praktických lékařů,3. čtvrtletí 2019,4148.168
Česko,Náklady na zdravotní služby (mil. Kč),Náklady na ambulantní služby praktických lékařů,3. čtvrtletí 2018,3740.863
Česko,Náklady na zdravotní služby (mil. Kč),Náklady na ambulantní služby praktických lékařů,3. čtvrtletí 2017,3613.959
Česko,Náklady na zdravotní služby (mil. Kč),Náklady na ambulantní služby praktických lékařů,2. čtvrtletí 2024,7979.156
Česko,Náklady na zdravotní služby (mil. Kč),Náklady na ambulantní služby praktických lékařů,2. čtvrtletí 2023,6812.881
Česko,Náklady na zdravotní služby (mil. Kč),Náklady na ambulantní služby praktických lékařů,2. čtvrtletí 2022,6146.252
Česko,Náklady na zdravotní služby (mil. Kč),Náklady na ambulantní služby praktických lékařů,2. čtvrtletí 2021,7034.851
Česko,Náklady na zdravotní služby (mil. Kč),Náklady na ambulantní služby praktických lékařů,2. čtvrtletí 2020,4526.032
Česko,Náklady na zdravotní služby (mil. Kč),Náklady na ambulantní služby praktických lékařů,2. čtvrtletí 2019,4199.968
Česko,Náklady na zdravotní služby (mil. Kč),Náklady na ambulantní služby praktických lékařů,2. čtvrtletí 2018,3963.85
Česko,Náklady na zdravotní služby (mil. Kč),Náklady na ambulantní služby praktických lékařů,2. čtvrtletí 2017,3891.155
Česko,Náklady na zdravotní služby (mil. Kč),Náklady na ambulantní služby praktických lékařů,1. čtvrtletí 2025,7893.01
Česko,Náklady na zdravotní služby (mil. Kč),Náklady na ambulantní služby praktických lékařů,1. čtvrtletí 2024,7566.227
Česko,Náklady na zdravotní služby (mil. Kč),Náklady na ambulantní služby praktických lékařů,1. čtvrtletí 2023,6664.778
Česko,Náklady na zdravotní služby (mil. Kč),Náklady na ambulantní služby praktických lékařů,1. čtvrtletí 2022,6440.017
Česko,Náklady na zdravotní služby (mil. Kč),Náklady na ambulantní služby praktických lékařů,1. čtvrtletí 2021,5745.281
Česko,Náklady na zdravotní služby (mil. Kč),Náklady na ambulantní služby praktických lékařů,1. čtvrtletí 2020,4430.848
Česko,Náklady na zdravotní služby (mil. Kč),Náklady na ambulantní služby praktických lékařů,1. čtvrtletí 2019,4177.749
Česko,Náklady na zdravotní služby (mil. Kč),Náklady na ambulantní služby praktických lékařů,1. čtvrtletí 2018,3994.955
Česko,Náklady na zdravotní služby (mil. Kč),Náklady na ambulantní služby praktických lékařů,1. čtvrtletí 2017,3845.608
Česko,Náklady na zdravotní služby (mil. Kč),Náklady na ambulantní služby specialistů,4. čtvrtletí 2024,26481.424
Česko,Náklady na zdravotní služby (mil. Kč),Náklady na ambulantní služby specialistů,4. čtvrtletí 2023,24365.965
Česko,Náklady na zdravotní služby (mil. Kč),Náklady na ambulantní služby specialistů,4. čtvrtletí 2022,22074.664
Česko,Náklady na zdravotní služby (mil. Kč),Náklady na ambulantní služby specialistů,4. čtvrtletí 2021,19680.803
Česko,Náklady na zdravotní služby (mil. Kč),Náklady na ambulantní služby specialistů,4. čtvrtletí 2020,18691.501
Česko,Náklady na zdravotní služby (mil. Kč),Náklady na ambulantní služby specialistů,4. čtvrtletí 2019,16435.404
Česko,Náklady na zdravotní služby (mil. Kč),Náklady na ambulantní služby specialistů,4. čtvrtletí 2018,14010.485
Česko,Náklady na zdravotní služby (mil. Kč),Náklady na ambulantní služby specialistů,4. čtvrtletí 2017,12970.769
Česko,Náklady na zdravotní služby (mil. Kč),Náklady na ambulantní služby specialistů,3. čtvrtletí 2024,20517.011
Česko,Náklady na zdravotní služby (mil. Kč),Náklady na ambulantní služby specialistů,3. čtvrtletí 2023,18014.306
Česko,Náklady na zdravotní služby (mil. Kč),Náklady na ambulantní služby specialistů,3. čtvrtletí 2022,16779.386
Česko,Náklady na zdravotní služby (mil. Kč),Náklady na ambulantní služby specialistů,3. čtvrtletí 2021,15388.765
Česko,Náklady na zdravotní služby (mil. Kč),Náklady na ambulantní služby specialistů,3. čtvrtletí 2020,14344.611
Česko,Náklady na zdravotní služby (mil. Kč),Náklady na ambulantní služby specialistů,3. čtvrtletí 2019,12199.821
Česko,Náklady na zdravotní služby (mil. Kč),Náklady na ambulantní služby specialistů,3. čtvrtletí 2018,10973.509
Česko,Náklady na zdravotní služby (mil. Kč),Náklady na ambulantní služby specialistů,3. čtvrtletí 2017,10636.942
Česko,Náklady na zdravotní služby (mil. Kč),Náklady na ambulantní služby specialistů,2. čtvrtletí 2024,21973.443
Česko,Náklady na zdravotní služby (mil. Kč),Náklady na ambulantní služby specialistů,2. čtvrtletí 2023,19137.674
Česko,Náklady na zdravotní služby (mil. Kč),Náklady na ambulantní služby specialistů,2. čtvrtletí 2022,18095.834
Česko,Náklady na zdravotní služby (mil. Kč),Náklady na ambulantní služby specialistů,2. čtvrtletí 2021,18385.231
Česko,Náklady na zdravotní služby (mil. Kč),Náklady na ambulantní služby specialistů,2. čtvrtletí 2020,13570.633
Česko,Náklady na zdravotní služby (mil. Kč),Náklady na ambulantní služby specialistů,2. čtvrtletí 2019,12141.628
Česko,Náklady na zdravotní služby (mil. Kč),Náklady na ambulantní služby specialistů,2. čtvrtletí 2018,11374.103
Česko,Náklady na zdravotní služby (mil. Kč),Náklady na ambulantní služby specialistů,2. čtvrtletí 2017,11218.783
Česko,Náklady na zdravotní služby (mil. Kč),Náklady na ambulantní služby specialistů,1. čtvrtletí 2025,22897.44
Česko,Náklady na zdravotní služby (mil. Kč),Náklady na ambulantní služby specialistů,1. čtvrtletí 2024,21291.159
Česko,Náklady na zdravotní služby (mil. Kč),Náklady na ambulantní služby specialistů,1. čtvrtletí 2023,18316.917
Česko,Náklady na zdravotní služby (mil. Kč),Náklady na ambulantní služby specialistů,1. čtvrtletí 2022,17881.637
Česko,Náklady na zdravotní služby (mil. Kč),Náklady na ambulantní služby specialistů,1. čtvrtletí 2021,14937.015
Česko,Náklady na zdravotní služby (mil. Kč),Náklady na ambulantní služby specialistů,1. čtvrtletí 2020,13782.8
Česko,Náklady na zdravotní služby (mil. Kč),Náklady na ambulantní služby specialistů,1. čtvrtletí 2019,12054.452
Česko,Náklady na zdravotní služby (mil. Kč),Náklady na ambulantní služby specialistů,1. čtvrtletí 2018,11279.906
Česko,Náklady na zdravotní služby (mil. Kč),Náklady na ambulantní služby specialistů,1. čtvrtletí 2017,10872.312
Česko,Náklady na zdravotní služby (mil. Kč),Náklady na ústavní služby,4. čtvrtletí 2024,74582.813
Česko,Náklady na zdravotní služby (mil. Kč),Náklady na ústavní služby,4. čtvrtletí 2023,71198.159
Česko,Náklady na zdravotní služby (mil. Kč),Náklady na ústavní služby,4. čtvrtletí 2022,68221.099
Česko,Náklady na zdravotní služby (mil. Kč),Náklady na ústavní služby,4. čtvrtletí 2021,62242.546
Česko,Náklady na zdravotní služby (mil. Kč),Náklady na ústavní služby,4. čtvrtletí 2020,58450.951
Česko,Náklady na zdravotní služby (mil. Kč),Náklady na ústavní služby,4. čtvrtletí 2019,45292.855
Česko,Náklady na zdravotní služby (mil. Kč),Náklady na ústavní služby,4. čtvrtletí 2018,39897.481
Česko,Náklady na zdravotní služby (mil. Kč),Náklady na ústavní služby,4. čtvrtletí 2017,37448.812
Česko,Náklady na zdravotní služby (mil. Kč),Náklady na ústavní služby,3. čtvrtletí 2024,70303.416
Česko,Náklady na zdravotní služby (mil. Kč),Náklady na ústavní služby,3. čtvrtletí 2023,63466.17
Česko,Náklady na zdravotní služby (mil. Kč),Náklady na ústavní služby,3. čtvrtletí 2022,56634.849
Česko,Náklady na zdravotní služby (mil. Kč),Náklady na ústavní služby,3. čtvrtletí 2021,68454.59
Česko,Náklady na zdravotní služby (mil. Kč),Náklady na ústavní služby,3. čtvrtletí 2020,46162.007
Česko,Náklady na zdravotní služby (mil. Kč),Náklady na ústavní služby,3. čtvrtletí 2019,41435.843
Česko,Náklady na zdravotní služby (mil. Kč),Náklady na ústavní služby,3. čtvrtletí 2018,38351.495
Česko,Náklady na zdravotní služby (mil. Kč),Náklady na ústavní služby,3. čtvrtletí 2017,34459.802
Česko,Náklady na zdravotní služby (mil. Kč),Náklady na ústavní služby,2. čtvrtletí 2024,70267.145
Česko,Náklady na zdravotní služby (mil. Kč),Náklady na ústavní služby,2. čtvrtletí 2023,62714.634
Česko,Náklady na zdravotní služby (mil. Kč),Náklady na ústavní služby,2. čtvrtletí 2022,56149.418
Česko,Náklady na zdravotní služby (mil. Kč),Náklady na ústavní služby,2. čtvrtletí 2021,43295.765
Česko,Náklady na zdravotní služby (mil. Kč),Náklady na ústavní služby,2. čtvrtletí 2020,45336.456
Česko,Náklady na zdravotní služby (mil. Kč),Náklady na ústavní služby,2. čtvrtletí 2019,41756.077
Česko,Náklady na zdravotní služby (mil. Kč),Náklady na ústavní služby,2. čtvrtletí 2018,38339.588
Česko,Náklady na zdravotní služby (mil. Kč),Náklady na ústavní služby,2. čtvrtletí 2017,35288.139
Česko,Náklady na zdravotní služby (mil. Kč),Náklady na ústavní služby,1. čtvrtletí 2025,71034.134
Česko,Náklady na zdravotní služby (mil. Kč),Náklady na ústavní služby,1. čtvrtletí 2024,69189.091
Česko,Náklady na zdravotní služby (mil. Kč),Náklady na ústavní služby,1. čtvrtletí 2023,61542.741
Česko,Náklady na zdravotní služby (mil. Kč),Náklady na ústavní služby,1. čtvrtletí 2022,55879.91
Česko,Náklady na zdravotní služby (mil. Kč),Náklady na ústavní služby,1. čtvrtletí 2021,52225.151
Česko,Náklady na zdravotní služby (mil. Kč),Náklady na ústavní služby,1. čtvrtletí 2020,45366.635
Česko,Náklady na zdravotní služby (mil. Kč),Náklady na ústavní služby,1. čtvrtletí 2019,41369.296
Česko,Náklady na zdravotní služby (mil. Kč),Náklady na ústavní služby,1. čtvrtletí 2018,38495.255
Česko,Náklady na zdravotní služby (mil. Kč),Náklady na ústavní služby,1. čtvrtletí 2017,34671.932
Česko,Náklady na zdravotní služby (mil. Kč),Náklady na stomatologické služby,4. čtvrtletí 2024,5010.627
Česko,Náklady na zdravotní služby (mil. Kč),Náklady na stomatologické služby,4. čtvrtletí 2023,4568.782
Česko,Náklady na zdravotní služby (mil. Kč),Náklady na stomatologické služby,4. čtvrtletí 2022,3936.008
Česko,Náklady na zdravotní služby (mil. Kč),Náklady na stomatologické služby,4. čtvrtletí 2021,3491.593
Česko,Náklady na zdravotní služby (mil. Kč),Náklady na stomatologické služby,4. čtvrtletí 2020,3511.732
Česko,Náklady na zdravotní služby (mil. Kč),Náklady na stomatologické služby,4. čtvrtletí 2019,3176.526
Česko,Náklady na zdravotní služby (mil. Kč),Náklady na stomatologické služby,4. čtvrtletí 2018,3106.242
Česko,Náklady na zdravotní služby (mil. Kč),Náklady na stomatologické služby,4. čtvrtletí 2017,2897.548
Česko,Náklady na zdravotní služby (mil. Kč),Náklady na stomatologické služby,3. čtvrtletí 2024,4168.991
Česko,Náklady na zdravotní služby (mil. Kč),Náklady na stomatologické služby,3. čtvrtletí 2023,3518.484
Česko,Náklady na zdravotní služby (mil. Kč),Náklady na stomatologické služby,3. čtvrtletí 2022,3252.146
Česko,Náklady na zdravotní služby (mil. Kč),Náklady na stomatologické služby,3. čtvrtletí 2021,3101.466
Česko,Náklady na zdravotní služby (mil. Kč),Náklady na stomatologické služby,3. čtvrtletí 2020,3188.658
Česko,Náklady na zdravotní služby (mil. Kč),Náklady na stomatologické služby,3. čtvrtletí 2019,2609.67
Česko,Náklady na zdravotní služby (mil. Kč),Náklady na stomatologické služby,3. čtvrtletí 2018,2277.433
Česko,Náklady na zdravotní služby (mil. Kč),Náklady na stomatologické služby,3. čtvrtletí 2017,2246.904
Česko,Náklady na zdravotní služby (mil. Kč),Náklady na stomatologické služby,2. čtvrtletí 2024,5085.727
Česko,Náklady na zdravotní služby (mil. Kč),Náklady na stomatologické služby,2. čtvrtletí 2023,4459.1
Česko,Náklady na zdravotní služby (mil. Kč),Náklady na stomatologické služby,2. čtvrtletí 2022,4142.124
Česko,Náklady na zdravotní služby (mil. Kč),Náklady na stomatologické služby,2. čtvrtletí 2021,3877.903
Česko,Náklady na zdravotní služby (mil. Kč),Náklady na stomatologické služby,2. čtvrtletí 2020,3002.807
Česko,Náklady na zdravotní služby (mil. Kč),Náklady na stomatologické služby,2. čtvrtletí 2019,3206.515
Česko,Náklady na zdravotní služby (mil. Kč),Náklady na stomatologické služby,2. čtvrtletí 2018,2948.97
Česko,Náklady na zdravotní služby (mil. Kč),Náklady na stomatologické služby,2. čtvrtletí 2017,2929.516
Česko,Náklady na zdravotní služby (mil. Kč),Náklady na stomatologické služby,1. čtvrtletí 2025,4856.453
Česko,Náklady na zdravotní služby (mil. Kč),Náklady na stomatologické služby,1. čtvrtletí 2024,4906.811
Česko,Náklady na zdravotní služby (mil. Kč),Náklady na stomatologické služby,1. čtvrtletí 2023,4512.211
Česko,Náklady na zdravotní služby (mil. Kč),Náklady na stomatologické služby,1. čtvrtletí 2022,3941.887
Česko,Náklady na zdravotní služby (mil. Kč),Náklady na stomatologické služby,1. čtvrtletí 2021,3363.097
Česko,Náklady na zdravotní služby (mil. Kč),Náklady na stomatologické služby,1. čtvrtletí 2020,3010.071
Česko,Náklady na zdravotní služby (mil. Kč),Náklady na stomatologické služby,1. čtvrtletí 2019,3227.939
Česko,Náklady na zdravotní služby (mil. Kč),Náklady na stomatologické služby,1. čtvrtletí 2018,2927.077
Česko,Náklady na zdravotní služby (mil. Kč),Náklady na stomatologické služby,1. čtvrtletí 2017,2931.541
Česko,Náklady na zdravotní služby (mil. Kč),Náklady na léky vydané na recepty a na zdravotnické potřeby vydané na poukazy,4. čtvrtletí 2024,15978.457
Česko,Náklady na zdravotní služby (mil. Kč),Náklady na léky vydané na recepty a na zdravotnické potřeby vydané na poukazy,4. čtvrtletí 2023,14908.544
Česko,Náklady na zdravotní služby (mil. Kč),Náklady na léky vydané na recepty a na zdravotnické potřeby vydané na poukazy,4. čtvrtletí 2022,13507.33
Česko,Náklady na zdravotní služby (mil. Kč),Náklady na léky vydané na recepty a na zdravotnické potřeby vydané na poukazy,4. čtvrtletí 2021,12626.165
Česko,Náklady na zdravotní služby (mil. Kč),Náklady na léky vydané na recepty a na zdravotnické potřeby vydané na poukazy,4. čtvrtletí 2020,12313.649
Česko,Náklady na zdravotní služby (mil. Kč),Náklady na léky vydané na recepty a na zdravotnické potřeby vydané na poukazy,4. čtvrtletí 2019,11910.071
Česko,Náklady na zdravotní služby (mil. Kč),Náklady na léky vydané na recepty a na zdravotnické potřeby vydané na poukazy,4. čtvrtletí 2018,11462.102
Česko,Náklady na zdravotní služby (mil. Kč),Náklady na léky vydané na recepty a na zdravotnické potřeby vydané na poukazy,4. čtvrtletí 2017,11137.274
Česko,Náklady na zdravotní služby (mil. Kč),Náklady na léky vydané na recepty a na zdravotnické potřeby vydané na poukazy,3. čtvrtletí 2024,14076.322
Česko,Náklady na zdravotní služby (mil. Kč),Náklady na léky vydané na recepty a na zdravotnické potřeby vydané na poukazy,3. čtvrtletí 2023,12718.238
Česko,Náklady na zdravotní služby (mil. Kč),Náklady na léky vydané na recepty a na zdravotnické potřeby vydané na poukazy,3. čtvrtletí 2022,12025.539
Česko,Náklady na zdravotní služby (mil. Kč),Náklady na léky vydané na recepty a na zdravotnické potřeby vydané na poukazy,3. čtvrtletí 2021,11184.445
Česko,Náklady na zdravotní služby (mil. Kč),Náklady na léky vydané na recepty a na zdravotnické potřeby vydané na poukazy,3. čtvrtletí 2020,11097.602
Česko,Náklady na zdravotní služby (mil. Kč),Náklady na léky vydané na recepty a na zdravotnické potřeby vydané na poukazy,3. čtvrtletí 2019,10774.108
Česko,Náklady na zdravotní služby (mil. Kč),Náklady na léky vydané na recepty a na zdravotnické potřeby vydané na poukazy,3. čtvrtletí 2018,10176.735
Česko,Náklady na zdravotní služby (mil. Kč),Náklady na léky vydané na recepty a na zdravotnické potřeby vydané na poukazy,3. čtvrtletí 2017,9683.126
Česko,Náklady na zdravotní služby (mil. Kč),Náklady na léky vydané na recepty a na zdravotnické potřeby vydané na poukazy,2. čtvrtletí 2024,14866.701
Česko,Náklady na zdravotní služby (mil. Kč),Náklady na léky vydané na recepty a na zdravotnické potřeby vydané na poukazy,2. čtvrtletí 2023,14168.189
Česko,Náklady na zdravotní služby (mil. Kč),Náklady na léky vydané na recepty a na zdravotnické potřeby vydané na poukazy,2. čtvrtletí 2022,13180.975
Česko,Náklady na zdravotní služby (mil. Kč),Náklady na léky vydané na recepty a na zdravotnické potřeby vydané na poukazy,2. čtvrtletí 2021,12263.384
Česko,Náklady na zdravotní služby (mil. Kč),Náklady na léky vydané na recepty a na zdravotnické potřeby vydané na poukazy,2. čtvrtletí 2020,11159.887
Česko,Náklady na zdravotní služby (mil. Kč),Náklady na léky vydané na recepty a na zdravotnické potřeby vydané na poukazy,2. čtvrtletí 2019,11963.507
Česko,Náklady na zdravotní služby (mil. Kč),Náklady na léky vydané na recepty a na zdravotnické potřeby vydané na poukazy,2. čtvrtletí 2018,11329.044
Česko,Náklady na zdravotní služby (mil. Kč),Náklady na léky vydané na recepty a na zdravotnické potřeby vydané na poukazy,2. čtvrtletí 2017,11070.05
Česko,Náklady na zdravotní služby (mil. Kč),Náklady na léky vydané na recepty a na zdravotnické potřeby vydané na poukazy,1. čtvrtletí 2025,15036.143
Česko,Náklady na zdravotní služby (mil. Kč),Náklady na léky vydané na recepty a na zdravotnické potřeby vydané na poukazy,1. čtvrtletí 2024,14697.757
Česko,Náklady na zdravotní služby (mil. Kč),Náklady na léky vydané na recepty a na zdravotnické potřeby vydané na poukazy,1. čtvrtletí 2023,14010.601
Česko,Náklady na zdravotní služby (mil. Kč),Náklady na léky vydané na recepty a na zdravotnické potřeby vydané na poukazy,1. čtvrtletí 2022,12472.066
Česko,Náklady na zdravotní služby (mil. Kč),Náklady na léky vydané na recepty a na zdravotnické potřeby vydané na poukazy,1. čtvrtletí 2021,11570.066
Česko,Náklady na zdravotní služby (mil. Kč),Náklady na léky vydané na recepty a na zdravotnické potřeby vydané na poukazy,1. čtvrtletí 2020,11973.15
Česko,Náklady na zdravotní služby (mil. Kč),Náklady na léky vydané na recepty a na zdravotnické potřeby vydané na poukazy,1. čtvrtletí 2019,11342.211
Česko,Náklady na zdravotní služby (mil. Kč),Náklady na léky vydané na recepty a na zdravotnické potřeby vydané na poukazy,1. čtvrtletí 2018,10840.972
Česko,Náklady na zdravotní služby (mil. Kč),Náklady na léky vydané na recepty a na zdravotnické potřeby vydané na poukazy,1. čtvrtletí 2017,10631.523
Česko,Náklady na zdravotní služby (mil. Kč),Ostatní náklady výše nespecifikované,4. čtvrtletí 2024,5298.633
Česko,Náklady na zdravotní služby (mil. Kč),Ostatní náklady výše nespecifikované,4. čtvrtletí 2023,5057.476
Česko,Náklady na zdravotní služby (mil. Kč),Ostatní náklady výše nespecifikované,4. čtvrtletí 2022,6211.082
Česko,Náklady na zdravotní služby (mil. Kč),Ostatní náklady výše nespecifikované,4. čtvrtletí 2021,4696.053
Česko,Náklady na zdravotní služby (mil. Kč),Ostatní náklady výše nespecifikované,4. čtvrtletí 2020,4449.775
Česko,Náklady na zdravotní služby (mil. Kč),Ostatní náklady výše nespecifikované,4. čtvrtletí 2019,3427.503
Česko,Náklady na zdravotní služby (mil. Kč),Ostatní náklady výše nespecifikované,4. čtvrtletí 2018,3080.441
Česko,Náklady na zdravotní služby (mil. Kč),Ostatní náklady výše nespecifikované,4. čtvrtletí 2017,2692.254
Česko,Náklady na zdravotní služby (mil. Kč),Ostatní náklady výše nespecifikované,3. čtvrtletí 2024,5128.037
Česko,Náklady na zdravotní služby (mil. Kč),Ostatní náklady výše nespecifikované,3. čtvrtletí 2023,4365.92
Česko,Náklady na zdravotní služby (mil. Kč),Ostatní náklady výše nespecifikované,3. čtvrtletí 2022,3683.501
Česko,Náklady na zdravotní služby (mil. Kč),Ostatní náklady výše nespecifikované,3. čtvrtletí 2021,6033.178
Česko,Náklady na zdravotní služby (mil. Kč),Ostatní náklady výše nespecifikované,3. čtvrtletí 2020,3548.029
Česko,Náklady na zdravotní služby (mil. Kč),Ostatní náklady výše nespecifikované,3. čtvrtletí 2019,3099.917
Česko,Náklady na zdravotní služby (mil. Kč),Ostatní náklady výše nespecifikované,3. čtvrtletí 2018,2811.529
Česko,Náklady na zdravotní služby (mil. Kč),Ostatní náklady výše nespecifikované,3. čtvrtletí 2017,2550.173
Česko,Náklady na zdravotní služby (mil. Kč),Ostatní náklady výše nespecifikované,2. čtvrtletí 2024,4331.977
Česko,Náklady na zdravotní služby (mil. Kč),Ostatní náklady výše nespecifikované,2. čtvrtletí 2023,3873.67
Česko,Náklady na zdravotní služby (mil. Kč),Ostatní náklady výše nespecifikované,2. čtvrtletí 2022,3217.531
Česko,Náklady na zdravotní služby (mil. Kč),Ostatní náklady výše nespecifikované,2. čtvrtletí 2021,5166.032
Česko,Náklady na zdravotní služby (mil. Kč),Ostatní náklady výše nespecifikované,2. čtvrtletí 2020,2377.158
Česko,Náklady na zdravotní služby (mil. Kč),Ostatní náklady výše nespecifikované,2. čtvrtletí 2019,2854.976
Česko,Náklady na zdravotní služby (mil. Kč),Ostatní náklady výše nespecifikované,2. čtvrtletí 2018,2701.93
Česko,Náklady na zdravotní služby (mil. Kč),Ostatní náklady výše nespecifikované,2. čtvrtletí 2017,2485.012
Česko,Náklady na zdravotní služby (mil. Kč),Ostatní náklady výše nespecifikované,1. čtvrtletí 2025,3733.876
Česko,Náklady na zdravotní služby (mil. Kč),Ostatní náklady výše nespecifikované,1. čtvrtletí 2024,3646.61
Česko,Náklady na zdravotní služby (mil. Kč),Ostatní náklady výše nespecifikované,1. čtvrtletí 2023,3338.776
Česko,Náklady na zdravotní služby (mil. Kč),Ostatní náklady výše nespecifikované,1. čtvrtletí 2022,2755.317
Česko,Náklady na zdravotní služby (mil. Kč),Ostatní náklady výše nespecifikované,1. čtvrtletí 2021,2213.256
Česko,Náklady na zdravotní služby (mil. Kč),Ostatní náklady výše nespecifikované,1. čtvrtletí 2020,2524.952
Česko,Náklady na zdravotní služby (mil. Kč),Ostatní náklady výše nespecifikované,1. čtvrtletí 2019,2369.42
Česko,Náklady na zdravotní služby (mil. Kč),Ostatní náklady výše nespecifikované,1. čtvrtletí 2018,2149.001
Česko,Náklady na zdravotní služby (mil. Kč),Ostatní náklady výše nespecifikované,1. čtvrtletí 2017,2028.834
Česko,Náklady na zdravotní služby - podíl (%),Celkem,4. čtvrtletí 2024,100.0
Česko,Náklady na zdravotní služby - podíl (%),Celkem,4. čtvrtletí 2023,100.0
Česko,Náklady na zdravotní služby - podíl (%),Celkem,4. čtvrtletí 2022,100.0
Česko,Náklady na zdravotní služby - podíl (%),Celkem,4. čtvrtletí 2021,100.0
Česko,Náklady na zdravotní služby - podíl (%),Celkem,4. čtvrtletí 2020,100.0
Česko,Náklady na zdravotní služby - podíl (%),Celkem,4. čtvrtletí 2019,100.0
Česko,Náklady na zdravotní služby - podíl (%),Celkem,4. čtvrtletí 2018,100.0
Česko,Náklady na zdravotní služby - podíl (%),Celkem,4. čtvrtletí 2017,100.0
Česko,Náklady na zdravotní služby - podíl (%),Celkem,3. čtvrtletí 2024,100.0
Česko,Náklady na zdravotní služby - podíl (%),Celkem,3. čtvrtletí 2023,100.0
Česko,Náklady na zdravotní služby - podíl (%),Celkem,3. čtvrtletí 2022,100.0
Česko,Náklady na zdravotní služby - podíl (%),Celkem,3. čtvrtletí 2021,100.0
Česko,Náklady na zdravotní služby - podíl (%),Celkem,3. čtvrtletí 2020,100.0
Česko,Náklady na zdravotní služby - podíl (%),Celkem,3. čtvrtletí 2019,100.0
Česko,Náklady na zdravotní služby - podíl (%),Celkem,3. čtvrtletí 2018,100.0
Česko,Náklady na zdravotní služby - podíl (%),Celkem,3. čtvrtletí 2017,100.0
Česko,Náklady na zdravotní služby - podíl (%),Celkem,2. čtvrtletí 2024,100.0
Česko,Náklady na zdravotní služby - podíl (%),Celkem,2. čtvrtletí 2023,100.0
Česko,Náklady na zdravotní služby - podíl (%),Celkem,2. čtvrtletí 2022,100.0
Česko,Náklady na zdravotní služby - podíl (%),Celkem,2. čtvrtletí 2021,100.0
Česko,Náklady na zdravotní služby - podíl (%),Celkem,2. čtvrtletí 2020,100.0
Česko,Náklady na zdravotní služby - podíl (%),Celkem,2. čtvrtletí 2019,100.0
Česko,Náklady na zdravotní služby - podíl (%),Celkem,2. čtvrtletí 2018,100.0
Česko,Náklady na zdravotní služby - podíl (%),Celkem,2. čtvrtletí 2017,100.0
Česko,Náklady na zdravotní služby - podíl (%),Celkem,1. čtvrtletí 2025,100.0
Česko,Náklady na zdravotní služby - podíl (%),Celkem,1. čtvrtletí 2024,100.0
Česko,Náklady na zdravotní služby - podíl (%),Celkem,1. čtvrtletí 2023,100.0
Česko,Náklady na zdravotní služby - podíl (%),Celkem,1. čtvrtletí 2022,100.0
Česko,Náklady na zdravotní služby - podíl (%),Celkem,1. čtvrtletí 2021,100.0
Česko,Náklady na zdravotní služby - podíl (%),Celkem,1. čtvrtletí 2020,100.0
Česko,Náklady na zdravotní služby - podíl (%),Celkem,1. čtvrtletí 2019,100.0
Česko,Náklady na zdravotní služby - podíl (%),Celkem,1. čtvrtletí 2018,100.0
Česko,Náklady na zdravotní služby - podíl (%),Celkem,1. čtvrtletí 2017,100.0
Česko,Náklady na zdravotní služby - podíl (%),Náklady na ambulantní služby praktických lékařů,4. čtvrtletí 2024,6.5672364608
Česko,Náklady na zdravotní služby - podíl (%),Náklady na ambulantní služby praktických lékařů,4. čtvrtletí 2023,6.1283538427
Česko,Náklady na zdravotní služby - podíl (%),Náklady na ambulantní služby praktických lékařů,4. čtvrtletí 2022,5.7656299133
Česko,Náklady na zdravotní služby - podíl (%),Náklady na ambulantní služby praktických lékařů,4. čtvrtletí 2021,6.4982636309
Česko,Náklady na zdravotní služby - podíl (%),Náklady na ambulantní služby praktických lékařů,4. čtvrtletí 2020,5.722929959
Česko,Náklady na zdravotní služby - podíl (%),Náklady na ambulantní služby praktických lékařů,4. čtvrtletí 2019,5.6399154284
Česko,Náklady na zdravotní služby - podíl (%),Náklady na ambulantní služby praktických lékařů,4. čtvrtletí 2018,5.8520972707
Česko,Náklady na zdravotní služby - podíl (%),Náklady na ambulantní služby praktických lékařů,4. čtvrtletí 2017,5.9201399743
Česko,Náklady na zdravotní služby - podíl (%),Náklady na ambulantní služby praktických lékařů,3. čtvrtletí 2024,5.7845498488
Česko,Náklady na zdravotní služby - podíl (%),Náklady na ambulantní služby praktických lékařů,3. čtvrtletí 2023,5.4532655494
Česko,Náklady na zdravotní služby - podíl (%),Náklady na ambulantní služby praktických lékařů,3. čtvrtletí 2022,5.7581281522
Česko,Náklady na zdravotní služby - podíl (%),Náklady na ambulantní služby praktických lékařů,3. čtvrtletí 2021,4.9328776242
Česko,Náklady na zdravotní služby - podíl (%),Náklady na ambulantní služby praktických lékařů,3. čtvrtletí 2020,5.8002867996
Česko,Náklady na zdravotní služby - podíl (%),Náklady na ambulantní služby praktických lékařů,3. čtvrtletí 2019,5.5854397845
Česko,Náklady na zdravotní služby - podíl (%),Náklady na ambulantní služby praktických lékařů,3. čtvrtletí 2018,5.47457541
Česko,Náklady na zdravotní služby - podíl (%),Náklady na ambulantní služby praktických lékařů,3. čtvrtletí 2017,5.7191124938
Česko,Náklady na zdravotní služby - podíl (%),Náklady na ambulantní služby praktických lékařů,2. čtvrtletí 2024,6.4087470691
Česko,Náklady na zdravotní služby - podíl (%),Náklady na ambulantní služby praktických lékařů,2. čtvrtletí 2023,6.1285572295
Česko,Náklady na zdravotní služby - podíl (%),Náklady na ambulantní služby praktických lékařů,2. čtvrtletí 2022,6.0894897952
Česko,Náklady na zdravotní služby - podíl (%),Náklady na ambulantní služby praktických lékařů,2. čtvrtletí 2021,7.8144896615
Česko,Náklady na zdravotní služby - podíl (%),Náklady na ambulantní služby praktických lékařů,2. čtvrtletí 2020,5.6594519751
Česko,Náklady na zdravotní služby - podíl (%),Náklady na ambulantní služby praktických lékařů,2. čtvrtletí 2019,5.5173681438
Česko,Náklady na zdravotní služby - podíl (%),Náklady na ambulantní služby praktických lékařů,2. čtvrtletí 2018,5.6099505948
Česko,Náklady na zdravotní služby - podíl (%),Náklady na ambulantní služby praktických lékařů,2. čtvrtletí 2017,5.8178835753
Česko,Náklady na zdravotní služby - podíl (%),Náklady na ambulantní služby praktických lékařů,1. čtvrtletí 2025,6.2917047107
Česko,Náklady na zdravotní služby - podíl (%),Náklady na ambulantní služby praktických lékařů,1. čtvrtletí 2024,6.2377355935
Česko,Náklady na zdravotní služby - podíl (%),Náklady na ambulantní služby praktických lékařů,1. čtvrtletí 2023,6.1491119925
Česko,Náklady na zdravotní služby - podíl (%),Náklady na ambulantní služby praktických lékařů,1. čtvrtletí 2022,6.4807919394
Česko,Náklady na zdravotní služby - podíl (%),Náklady na ambulantní služby praktických lékařů,1. čtvrtletí 2021,6.3798271581
Česko,Náklady na zdravotní služby - podíl (%),Náklady na ambulantní služby praktických lékařů,1. čtvrtletí 2020,5.4642155229
Česko,Náklady na zdravotní služby - podíl (%),Náklady na ambulantní služby praktických lékařů,1. čtvrtletí 2019,5.6046273124
Česko,Náklady na zdravotní služby - podíl (%),Náklady na ambulantní služby praktických lékařů,1. čtvrtletí 2018,5.7326983278
Česko,Náklady na zdravotní služby - podíl (%),Náklady na ambulantní služby praktických lékařů,1. čtvrtletí 2017,5.9179815871
Česko,Náklady na zdravotní služby - podíl (%),Náklady na ambulantní služby specialistů,4. čtvrtletí 2024,19.4283051736
Česko,Náklady na zdravotní služby - podíl (%),Náklady na ambulantní služby specialistů,4. čtvrtletí 2023,19.0449100666
Česko,Náklady na zdravotní služby - podíl (%),Náklady na ambulantní služby specialistů,4. čtvrtletí 2022,18.2552761404
Česko,Náklady na zdravotní služby - podíl (%),Náklady na ambulantní služby specialistů,4. čtvrtletí 2021,17.9116227628
Česko,Náklady na zdravotní služby - podíl (%),Náklady na ambulantní služby specialistů,4. čtvrtletí 2020,18.0889264798
Česko,Náklady na zdravotní služby - podíl (%),Náklady na ambulantní služby specialistů,4. čtvrtletí 2019,19.3270254107
Česko,Náklady na zdravotní služby - podíl (%),Náklady na ambulantní služby specialistů,4. čtvrtletí 2018,18.4337293203
Česko,Náklady na zdravotní služby - podíl (%),Náklady na ambulantní služby specialistů,4. čtvrtletí 2017,18.1734755901
Česko,Náklady na zdravotní služby - podíl (%),Náklady na ambulantní služby specialistů,3. čtvrtletí 2024,16.9275373659
Česko,Náklady na zdravotní služby - podíl (%),Náklady na ambulantní služby specialistů,3. čtvrtletí 2023,16.6843826782
Česko,Náklady na zdravotní služby - podíl (%),Náklady na ambulantní služby specialistů,3. čtvrtletí 2022,17.1184144871
Česko,Náklady na zdravotní služby - podíl (%),Náklady na ambulantní služby specialistů,3. čtvrtletí 2021,14.0450391647
Česko,Náklady na zdravotní služby - podíl (%),Náklady na ambulantní služby specialistů,3. čtvrtletí 2020,17.2484375522
Česko,Náklady na zdravotní služby - podíl (%),Náklady na ambulantní služby specialistů,3. čtvrtletí 2019,16.4268577302
Česko,Náklady na zdravotní služby - podíl (%),Náklady na ambulantní služby specialistů,3. čtvrtletí 2018,16.0592094746
Česko,Náklady na zdravotní služby - podíl (%),Náklady na ambulantní služby specialistů,3. čtvrtletí 2017,16.8330265751
Česko,Náklady na zdravotní služby - podíl (%),Náklady na ambulantní služby specialistů,2. čtvrtletí 2024,17.6487636569
Česko,Náklady na zdravotní služby - podíl (%),Náklady na ambulantní služby specialistů,2. čtvrtletí 2023,17.2153792718
Česko,Náklady na zdravotní služby - podíl (%),Náklady na ambulantní služby specialistů,2. čtvrtletí 2022,17.9287143577
Česko,Náklady na zdravotní služby - podíl (%),Náklady na ambulantní služby specialistů,2. čtvrtletí 2021,20.4227776215
Česko,Náklady na zdravotní služby - podíl (%),Náklady na ambulantní služby specialistů,2. čtvrtletí 2020,16.9690240227
Česko,Náklady na zdravotní služby - podíl (%),Náklady na ambulantní služby specialistů,2. čtvrtletí 2019,15.9500814153
Česko,Náklady na zdravotní služby - podíl (%),Náklady na ambulantní služby specialistů,2. čtvrtletí 2018,16.0975203123
Česko,Náklady na zdravotní služby - podíl (%),Náklady na ambulantní služby specialistů,2. čtvrtletí 2017,16.7738302255
Česko,Náklady na zdravotní služby - podíl (%),Náklady na ambulantní služby specialistů,1. čtvrtletí 2025,18.2520902813
Česko,Náklady na zdravotní služby - podíl (%),Náklady na ambulantní služby specialistů,1. čtvrtletí 2024,17.5528199618
Česko,Náklady na zdravotní služby - podíl (%),Náklady na ambulantní služby specialistů,1. čtvrtletí 2023,16.8997037847
Česko,Náklady na zdravotní služby - podíl (%),Náklady na ambulantní služby specialistů,1. čtvrtletí 2022,17.9948545063
Česko,Náklady na zdravotní služby - podíl (%),Náklady na ambulantní služby specialistů,1. čtvrtletí 2021,16.5867559756
Česko,Náklady na zdravotní služby - podíl (%),Náklady na ambulantní služby specialistů,1. čtvrtletí 2020,16.997240643
Česko,Náklady na zdravotní služby - podíl (%),Náklady na ambulantní služby specialistů,1. čtvrtletí 2019,16.171558156
Česko,Náklady na zdravotní služby - podíl (%),Náklady na ambulantní služby specialistů,1. čtvrtletí 2018,16.1864897763
Česko,Náklady na zdravotní služby - podíl (%),Náklady na ambulantní služby specialistů,1. čtvrtletí 2017,16.7313314892
Česko,Náklady na zdravotní služby - podíl (%),Náklady na ústavní služby,4. čtvrtletí 2024,54.7182678572
Česko,Náklady na zdravotní služby - podíl (%),Náklady na ústavní služby,4. čtvrtletí 2023,55.6498597556
Česko,Náklady na zdravotní služby - podíl (%),Náklady na ústavní služby,4. čtvrtletí 2022,56.4173932997
Česko,Náklady na zdravotní služby - podíl (%),Náklady na ústavní služby,4. čtvrtletí 2021,56.6473331269
Česko,Náklady na zdravotní služby - podíl (%),Náklady na ústavní služby,4. čtvrtletí 2020,56.5666157743
Česko,Náklady na zdravotní služby - podíl (%),Náklady na ústavní služby,4. čtvrtletí 2019,53.2616149569
Česko,Náklady na zdravotní služby - podíl (%),Náklady na ústavní služby,4. čtvrtletí 2018,52.4934979277
Česko,Náklady na zdravotní služby - podíl (%),Náklady na ústavní služby,4. čtvrtletí 2017,52.4699091288
Česko,Náklady na zdravotní služby - podíl (%),Náklady na ústavní služby,3. čtvrtletí 2024,58.0037560681
Česko,Náklady na zdravotní služby - podíl (%),Náklady na ústavní služby,3. čtvrtletí 2023,58.7807194681
Česko,Náklady na zdravotní služby - podíl (%),Náklady na ústavní služby,3. čtvrtletí 2022,57.7791594755
Česko,Náklady na zdravotní služby - podíl (%),Náklady na ústavní služby,3. čtvrtletí 2021,62.4772291702
Česko,Náklady na zdravotní služby - podíl (%),Náklady na ústavní služby,3. čtvrtletí 2020,55.5067331574
Česko,Náklady na zdravotní služby - podíl (%),Náklady na ústavní služby,3. čtvrtletí 2019,55.7926790803
Česko,Náklady na zdravotní služby - podíl (%),Náklady na ústavní služby,3. čtvrtletí 2018,56.1255922666
Česko,Náklady na zdravotní služby - podíl (%),Náklady na ústavní služby,3. čtvrtletí 2017,54.5328500275
Česko,Náklady na zdravotní služby - podíl (%),Náklady na ústavní služby,2. čtvrtletí 2024,56.4375930958
Česko,Náklady na zdravotní služby - podíl (%),Náklady na ústavní služby,2. čtvrtletí 2023,56.4152263331
Česko,Náklady na zdravotní služby - podíl (%),Náklady na ústavní služby,2. čtvrtletí 2022,55.630863804
Česko,Náklady na zdravotní služby - podíl (%),Náklady na ústavní služby,2. čtvrtletí 2021,48.0940261532
Česko,Náklady na zdravotní služby - podíl (%),Náklady na ústavní služby,2. čtvrtletí 2020,56.6897219139
Česko,Náklady na zdravotní služby - podíl (%),Náklady na ústavní služby,2. čtvrtletí 2019,54.853667707
Česko,Náklady na zdravotní služby - podíl (%),Náklady na ústavní služby,2. čtvrtletí 2018,54.261184077
Česko,Náklady na zdravotní služby - podíl (%),Náklady na ústavní služby,2. čtvrtletí 2017,52.7612712145
Česko,Náklady na zdravotní služby - podíl (%),Náklady na ústavní služby,1. čtvrtletí 2025,56.6229860991
Česko,Náklady na zdravotní služby - podíl (%),Náklady na ústavní služby,1. čtvrtletí 2024,57.0407490565
Česko,Náklady na zdravotní služby - podíl (%),Náklady na ústavní služby,1. čtvrtletí 2023,56.7810670867
Česko,Náklady na zdravotní služby - podíl (%),Náklady na ústavní služby,1. čtvrtletí 2022,56.2337134053
Česko,Náklady na zdravotní služby - podíl (%),Náklady na ústavní služby,1. čtvrtletí 2021,57.9932359595
Česko,Náklady na zdravotní služby - podíl (%),Náklady na ústavní služby,1. čtvrtletí 2020,55.9470943682
Česko,Náklady na zdravotní služby - podíl (%),Náklady na ústavní služby,1. čtvrtletí 2019,55.4986635756
Česko,Náklady na zdravotní služby - podíl (%),Náklady na ústavní služby,1. čtvrtletí 2018,55.2400925588
Česko,Náklady na zdravotní služby - podíl (%),Náklady na ústavní služby,1. čtvrtletí 2017,53.3564146857
Česko,Náklady na zdravotní služby - podíl (%),Náklady na stomatologické služby,4. čtvrtletí 2024,3.6760859411
Česko,Náklady na zdravotní služby - podíl (%),Náklady na stomatologické služby,4. čtvrtletí 2023,3.5710484811
Česko,Náklady na zdravotní služby - podíl (%),Náklady na stomatologické služby,4. čtvrtletí 2022,3.2549946369
Česko,Náklady na zdravotní služby - podíl (%),Náklady na stomatologické služby,4. čtvrtletí 2021,3.1777207798
Česko,Náklady na zdravotní služby - podíl (%),Náklady na stomatologické služby,4. čtvrtletí 2020,3.3985211763
Česko,Náklady na zdravotní služby - podíl (%),Náklady na stomatologické služby,4. čtvrtletí 2019,3.7353994292
Česko,Náklady na zdravotní služby - podíl (%),Náklady na stomatologické služby,4. čtvrtletí 2018,4.0869123539
Česko,Náklady na zdravotní služby - podíl (%),Náklady na stomatologické služby,4. čtvrtletí 2017,4.0597837992
Česko,Náklady na zdravotní služby - podíl (%),Náklady na stomatologické služby,3. čtvrtletí 2024,3.4396214405
Česko,Náklady na zdravotní služby - podíl (%),Náklady na stomatologické služby,3. čtvrtletí 2023,3.2587285629
Česko,Náklady na zdravotní služby - podíl (%),Náklady na stomatologické služby,3. čtvrtletí 2022,3.3178558024
Česko,Náklady na zdravotní služby - podíl (%),Náklady na stomatologické služby,3. čtvrtletí 2021,2.8306502463
Česko,Náklady na zdravotní služby - podíl (%),Náklady na stomatologické služby,3. čtvrtletí 2020,3.8341484749
Česko,Náklady na zdravotní služby - podíl (%),Náklady na stomatologické služby,3. čtvrtletí 2019,3.5138776063
Česko,Náklady na zdravotní služby - podíl (%),Náklady na stomatologické služby,3. čtvrtletí 2018,3.3329150786
Česko,Náklady na zdravotní služby - podíl (%),Náklady na stomatologické služby,3. čtvrtletí 2017,3.555739492
Česko,Náklady na zdravotní služby - podíl (%),Náklady na stomatologické služby,2. čtvrtletí 2024,4.0847851584
Česko,Náklady na zdravotní služby - podíl (%),Náklady na stomatologické služby,2. čtvrtletí 2023,4.0112031227
Česko,Náklady na zdravotní služby - podíl (%),Náklady na stomatologické služby,2. čtvrtletí 2022,4.1038704284
Česko,Náklady na zdravotní služby - podíl (%),Náklady na stomatologické služby,2. čtvrtletí 2021,4.3076723163
Česko,Náklady na zdravotní služby - podíl (%),Náklady na stomatologické služby,2. čtvrtletí 2020,3.7547772546
Česko,Náklady na zdravotní služby - podíl (%),Náklady na stomatologické služby,2. čtvrtletí 2019,4.2122996446
Česko,Náklady na zdravotní služby - podíl (%),Náklady na stomatologické služby,2. čtvrtletí 2018,4.1736130291
Česko,Náklady na zdravotní služby - podíl (%),Náklady na stomatologické služby,2. čtvrtletí 2017,4.3800832966
Česko,Náklady na zdravotní služby - podíl (%),Náklady na stomatologické služby,1. čtvrtletí 2025,3.8711933999
Česko,Náklady na zdravotní služby - podíl (%),Náklady na stomatologické služby,1. čtvrtletí 2024,4.0452645189
Česko,Náklady na zdravotní služby - podíl (%),Náklady na stomatologické služby,1. čtvrtletí 2023,4.1630930202
Česko,Náklady na zdravotní služby - podíl (%),Náklady na stomatologické služby,1. čtvrtletí 2022,3.9668450403
Česko,Náklady na zdravotní služby - podíl (%),Náklady na stomatologické služby,1. čtvrtletí 2021,3.7345392812
Česko,Náklady na zdravotní služby - podíl (%),Náklady na stomatologické služby,1. čtvrtletí 2020,3.7120832588
Česko,Náklady na zdravotní služby - podíl (%),Náklady na stomatologické služby,1. čtvrtletí 2019,4.3304169499
Česko,Náklady na zdravotní služby - podíl (%),Náklady na stomatologické služby,1. čtvrtletí 2018,4.2003099968
Česko,Náklady na zdravotní služby - podíl (%),Náklady na stomatologické služby,1. čtvrtletí 2017,4.5113297195
Česko,Náklady na zdravotní služby - podíl (%),Náklady na léky vydané na recepty a na zdravotnické potřeby vydané na poukazy,4. čtvrtletí 2024,11.722720757
Česko,Náklady na zdravotní služby - podíl (%),Náklady na léky vydané na recepty a na zdravotnické potřeby vydané na poukazy,4. čtvrtletí 2023,11.6528066795
Česko,Náklady na zdravotní služby - podíl (%),Náklady na léky vydané na recepty a na zdravotnické potřeby vydané na poukazy,4. čtvrtletí 2022,11.170273716
Česko,Náklady na zdravotní služby - podíl (%),Náklady na léky vydané na recepty a na zdravotnické potřeby vydané na poukazy,4. čtvrtletí 2021,11.4911522879
Česko,Náklady na zdravotní služby - podíl (%),Náklady na léky vydané na recepty a na zdravotnické potřeby vydané na poukazy,4. čtvrtletí 2020,11.9166829597
Česko,Náklady na zdravotní služby - podíl (%),Náklady na léky vydané na recepty a na zdravotnické potřeby vydané na poukazy,4. čtvrtletí 2019,14.0055118122
Česko,Náklady na zdravotní služby - podíl (%),Náklady na léky vydané na recepty a na zdravotnické potřeby vydané na poukazy,4. čtvrtletí 2018,15.0807973963
Česko,Náklady na zdravotní služby - podíl (%),Náklady na léky vydané na recepty a na zdravotnické potřeby vydané na poukazy,4. čtvrtletí 2017,15.6045472076
Česko,Náklady na zdravotní služby - podíl (%),Náklady na léky vydané na recepty a na zdravotnické potřeby vydané na poukazy,3. čtvrtletí 2024,11.6136539884
Česko,Náklady na zdravotní služby - podíl (%),Náklady na léky vydané na recepty a na zdravotnické potřeby vydané na poukazy,3. čtvrtletí 2023,11.7793019495
Česko,Náklady na zdravotní služby - podíl (%),Náklady na léky vydané na recepty a na zdravotnické potřeby vydané na poukazy,3. čtvrtletí 2022,12.2685157271
Česko,Náklady na zdravotní služby - podíl (%),Náklady na léky vydané na recepty a na zdravotnické potřeby vydané na poukazy,3. čtvrtletí 2021,10.2078346157
Česko,Náklady na zdravotní služby - podíl (%),Náklady na léky vydané na recepty a na zdravotnické potřeby vydané na poukazy,3. čtvrtletí 2020,13.3441258934
Česko,Náklady na zdravotní služby - podíl (%),Náklady na léky vydané na recepty a na zdravotnické potřeby vydané na poukazy,3. čtvrtletí 2019,14.507158694
Česko,Náklady na zdravotní služby - podíl (%),Náklady na léky vydané na recepty a na zdravotnické potřeby vydané na poukazy,3. čtvrtletí 2018,14.8931685509
Česko,Náklady na zdravotní služby - podíl (%),Náklady na léky vydané na recepty a na zdravotnické potřeby vydané na poukazy,3. čtvrtletí 2017,15.3236068494
Česko,Náklady na zdravotní služby - podíl (%),Náklady na léky vydané na recepty a na zdravotnické potřeby vydané na poukazy,2. čtvrtletí 2024,11.9407273729
Česko,Náklady na zdravotní služby - podíl (%),Náklady na léky vydané na recepty a na zdravotnické potřeby vydané na poukazy,2. čtvrtletí 2023,12.7450570654
Česko,Náklady na zdravotní služby - podíl (%),Náklady na léky vydané na recepty a na zdravotnické potřeby vydané na poukazy,2. čtvrtletí 2022,13.0592453341
Česko,Náklady na zdravotní služby - podíl (%),Náklady na léky vydané na recepty a na zdravotnické potřeby vydané na poukazy,2. čtvrtletí 2021,13.622475797
Česko,Náklady na zdravotní služby - podíl (%),Náklady na léky vydané na recepty a na zdravotnické potřeby vydané na poukazy,2. čtvrtletí 2020,13.9545731281
Česko,Náklady na zdravotní služby - podíl (%),Náklady na léky vydané na recepty a na zdravotnické potřeby vydané na poukazy,2. čtvrtletí 2019,15.7160893632
Česko,Náklady na zdravotní služby - podíl (%),Náklady na léky vydané na recepty a na zdravotnické potřeby vydané na poukazy,2. čtvrtletí 2018,16.0337492907
Česko,Náklady na zdravotní služby - podíl (%),Náklady na léky vydané na recepty a na zdravotnické potřeby vydané na poukazy,2. čtvrtletí 2017,16.5514511946
Česko,Náklady na zdravotní služby - podíl (%),Náklady na léky vydané na recepty a na zdravotnické potřeby vydané na poukazy,1. čtvrtletí 2025,11.985664752
Česko,Náklady na zdravotní služby - podíl (%),Náklady na léky vydané na recepty a na zdravotnické potřeby vydané na poukazy,1. čtvrtletí 2024,12.1170990486
Česko,Náklady na zdravotní služby - podíl (%),Náklady na léky vydané na recepty a na zdravotnické potřeby vydané na poukazy,1. čtvrtletí 2023,12.9265752935
Česko,Náklady na zdravotní služby - podíl (%),Náklady na léky vydané na recepty a na zdravotnické potřeby vydané na poukazy,1. čtvrtletí 2022,12.5510328312
Česko,Náklady na zdravotní služby - podíl (%),Náklady na léky vydané na recepty a na zdravotnické potřeby vydané na poukazy,1. čtvrtletí 2021,12.8479392545
Česko,Náklady na zdravotní služby - podíl (%),Náklady na léky vydané na recepty a na zdravotnické potřeby vydané na poukazy,1. čtvrtletí 2020,14.7655419657
Česko,Náklady na zdravotní služby - podíl (%),Náklady na léky vydané na recepty a na zdravotnické potřeby vydané na poukazy,1. čtvrtletí 2019,15.2160566738
Česko,Náklady na zdravotní služby - podíl (%),Náklady na léky vydané na recepty a na zdravotnické potřeby vydané na poukazy,1. čtvrtletí 2018,15.5566263091
Česko,Náklady na zdravotní služby - podíl (%),Náklady na léky vydané na recepty a na zdravotnické potřeby vydané na poukazy,1. čtvrtletí 2017,16.3607828352
Česko,Náklady na zdravotní služby - podíl (%),Ostatní náklady výše nespecifikované,4. čtvrtletí 2024,3.8873838101
Česko,Náklady na zdravotní služby - podíl (%),Ostatní náklady výše nespecifikované,4. čtvrtletí 2023,3.9530211746
Česko,Náklady na zdravotní služby - podíl (%),Ostatní náklady výše nespecifikované,4. čtvrtletí 2022,5.1364322936
Česko,Náklady na zdravotní služby - podíl (%),Ostatní náklady výše nespecifikované,4. čtvrtletí 2021,4.2739074117
Česko,Náklady na zdravotní služby - podíl (%),Ostatní náklady výše nespecifikované,4. čtvrtletí 2020,4.3063236509
Česko,Náklady na zdravotní služby - podíl (%),Ostatní náklady výše nespecifikované,4. čtvrtletí 2019,4.0305329626
Česko,Náklady na zdravotní služby - podíl (%),Ostatní náklady výše nespecifikované,4. čtvrtletí 2018,4.0529657311
Česko,Náklady na zdravotní služby - podíl (%),Ostatní náklady výše nespecifikované,4. čtvrtletí 2017,3.7721443001
Česko,Náklady na zdravotní služby - podíl (%),Ostatní náklady výše nespecifikované,3. čtvrtletí 2024,4.2308812883
Česko,Náklady na zdravotní služby - podíl (%),Ostatní náklady výše nespecifikované,3. čtvrtletí 2023,4.043601792
Česko,Náklady na zdravotní služby - podíl (%),Ostatní náklady výše nespecifikované,3. čtvrtletí 2022,3.7579263557
Česko,Náklady na zdravotní služby - podíl (%),Ostatní náklady výše nespecifikované,3. čtvrtletí 2021,5.5063691789
Česko,Náklady na zdravotní služby - podíl (%),Ostatní náklady výše nespecifikované,3. čtvrtletí 2020,4.2662681226
Česko,Náklady na zdravotní služby - podíl (%),Ostatní náklady výše nespecifikované,3. čtvrtletí 2019,4.1739871048
Česko,Náklady na zdravotní služby - podíl (%),Ostatní náklady výše nespecifikované,3. čtvrtletí 2018,4.1145392194
Česko,Náklady na zdravotní služby - podíl (%),Ostatní náklady výše nespecifikované,3. čtvrtletí 2017,4.0356645622
Česko,Náklady na zdravotní služby - podíl (%),Ostatní náklady výše nespecifikované,2. čtvrtletí 2024,3.4793836469
Česko,Náklady na zdravotní služby - podíl (%),Ostatní náklady výše nespecifikované,2. čtvrtletí 2023,3.4845769775
Česko,Náklady na zdravotní služby - podíl (%),Ostatní náklady výše nespecifikované,2. čtvrtletí 2022,3.1878162806
Česko,Náklady na zdravotní služby - podíl (%),Ostatní náklady výše nespecifikované,2. čtvrtletí 2021,5.7385584506
Česko,Náklady na zdravotní služby - podíl (%),Ostatní náklady výše nespecifikované,2. čtvrtletí 2020,2.9724517057
Česko,Náklady na zdravotní služby - podíl (%),Ostatní náklady výše nespecifikované,2. čtvrtletí 2019,3.7504937261
Česko,Náklady na zdravotní služby - podíl (%),Ostatní náklady výše nespecifikované,2. čtvrtletí 2018,3.8239826962
Česko,Náklady na zdravotní služby - podíl (%),Ostatní náklady výše nespecifikované,2. čtvrtletí 2017,3.7154804934
Česko,Náklady na zdravotní služby - podíl (%),Ostatní náklady výše nespecifikované,1. čtvrtletí 2025,2.976360757
Česko,Náklady na zdravotní služby - podíl (%),Ostatní náklady výše nespecifikované,1. čtvrtletí 2024,3.0063318207
Česko,Náklady na zdravotní služby - podíl (%),Ostatní náklady výše nespecifikované,1. čtvrtletí 2023,3.0804488224
Česko,Náklady na zdravotní služby - podíl (%),Ostatní náklady výše nespecifikované,1. čtvrtletí 2022,2.7727622775
Česko,Náklady na zdravotní služby - podíl (%),Ostatní náklady výše nespecifikované,1. čtvrtletí 2021,2.4577023712
Česko,Náklady na zdravotní služby - podíl (%),Ostatní náklady výše nespecifikované,1. čtvrtletí 2020,3.1138242415
Česko,Náklady na zdravotní služby - podíl (%),Ostatní náklady výše nespecifikované,1. čtvrtletí 2019,3.1786773323
Česko,Náklady na zdravotní služby - podíl (%),Ostatní náklady výše nespecifikované,1. čtvrtletí 2018,3.0837830312
Česko,Náklady na zdravotní služby - podíl (%),Ostatní náklady výše nespecifikované,1. čtvrtletí 2017,3.1221596833
